T_avg_K,delta_Ea,fitted,residual,std_residual
270.25,-0.1434373041378167,0.03338569255714374,-0.17682299669496043,-1.2325065351616504
207.8,0.1625380560017862,0.16648696472034563,-0.003948908718559435,-0.02752501593883482
274.825,-0.1516135007104765,0.02363487878377868,-0.17524837949425517,-1.2215310058101423
219.95,-0.1397867705570403,0.140591360928786,-0.2803781314858263,-1.9543152521548817
283.075,0.2475011927848234,0.006051444110497406,0.241449748674326,1.682973361590621
214.575,0.1477092309681076,0.1520472350341056,-0.004338004065998019,-0.030237121080601795
279.025,-0.0629036484424366,0.01468331204101736,-0.07758696048345395,-0.540803162634734
226.95,0.0889748935544004,0.1256720830241837,-0.0366971894697833,-0.2557898389291481
270.15,0.0004280403148249,0.033598825098638097,-0.0331707847838132,-0.2312097961614039
210.8,-0.0982303380353972,0.16009298847551612,-0.25832332651091333,-1.8005869941150685
288.775,0.0632188378726319,-0.00609711075467867,0.06931594862731057,0.48315185960494683
262.275,0.0270818895791138,0.050383012741315736,-0.023301123162201936,-0.1624154499743239
241.34166666666667,0.0189050914071718,0.09499875809412639,-0.0760936666869546,-0.5303944805203998
223.85,0.1384901121116413,0.13227919181050757,0.006210920301133738,0.04329187947041319
285.54166666666663,0.0025367228939777,0.0007941747536376331,0.0017425481403400668,0.012146055722084275
258.4583333333333,-0.1011184176085283,0.0585175714083489,-0.1596359890168772,-1.1127082075738972
231.96666666666664,-0.1000191730735048,0.11497993385921879,-0.2149991069327236,-1.4986048721119352
195.91666666666663,0.2192166433321845,0.19181421506792062,0.027402428264263867,0.19100271201300204
282.0625,0.2134325498045215,0.008209411093127339,0.20522313871139417,1.4304635955498888
255.03250000000003,0.1926406596332642,0.06581913705904163,0.12682152257422258,0.8839820515061715
237.7675,0.2500895120085182,0.10261647034803578,0.14747304166048242,1.0279290081270929
211.4525,0.5462077847246174,0.1587022986422657,0.3875054860823517,2.7010233563194803
285.69166666666666,0.0030560156467009,0.00047447594139604643,0.0025815397053048535,0.01799406534805207
257.325,-0.1079188065608727,0.06093307354528443,-0.16885188010615715,-1.1769455873671517
226.625,-0.1337610166580418,0.1263647637840402,-0.260125780442082,-1.8131506102227946
186.49166666666667,0.1570982785339637,0.21190195710376003,-0.054803678569796344,-0.381997213318903
292.9666666666667,0.1468348387351494,-0.01503091645231569,0.1618657551874651,1.1282503114206774
271.9916666666667,0.1243622299518464,0.029673634126117676,0.09468859582572872,0.660006420781449
244.2083333333333,0.1124885104857355,0.08888895857128931,0.023599551914446182,0.1644955831826514
209.65,0.4115623656938469,0.16254401270270075,0.24901835299114616,1.735728684466559
281.64166666666665,-0.0094902882924283,0.009106343871916,-0.0185966321643443,-0.129623810833226
245.05,0.088642469343927,0.08709509301371199,0.0015473763302150112,0.010785652743090336
209.3583333333333,0.357267604749881,0.1631656492820593,0.19410195546782172,1.3529457880099607
269.6,-0.048743476873143,0.03477105407685677,-0.08351453094999978,-0.5821200132378951
207.35,0.1176780351159884,0.16744606115707011,-0.049768026041081714,-0.34689728420079774
283.175,0.0581334293402533,0.005838311569003052,0.052295117771250246,0.3645118316895433
225.625,-0.0601854394700766,0.12849608919898342,-0.18868152866906002,-1.3151638728874377
270.65,0.0107954520055485,0.03253316239116655,-0.02173771038561805,-0.15151801864292863
208.8,0.2880756400563811,0.16435563930540248,0.12372000075097861,0.862363563031569
287.25,0.0213797522633429,-0.002846839496890352,0.024226591760233254,0.16886622909514284
261.69166666666666,-0.0649843606579216,0.05162628590003249,-0.11661064655795408,-0.812809344024651
233.6833333333333,-0.0694888910565617,0.11132115856356628,-0.18081004962012798,-1.2602974270600706
196.94166666666663,0.2236067774403961,0.18962960651760385,0.03397717092279223,0.2368305367026921
288.6,0.0603908075535127,-0.005724128807063744,0.06611493636057644,0.4608398944667898
264.5916666666667,-0.0039637724878291,0.04544544219669722,-0.04940921468452632,-0.34439626708135795
236.84166666666667,-0.0030653385298949,0.10458972246137066,-0.10765506099126557,-0.750386367695478
201.50833333333333,0.3491356018143838,0.17989655378936326,0.16923904802502054,1.1796442577840278
288.75,0.111957086301533,-0.006043827619305109,0.11800091392083811,0.8224999026194277
264.925,0.0466073346962278,0.044735000391716184,0.0018723343045116136,0.01305070216799282
238.5583333333333,0.0402453379299217,0.10093094716571827,-0.060685609235796564,-0.4229959415426941
200.6833333333333,0.3401651353937692,0.18165489725669137,0.15851023813707782,1.1048614040344782
293.08333333333337,0.2292885818953553,-0.015279571084059085,0.2445681529794144,1.7047095257612128
273.7583333333333,0.2071429625515251,0.02590829255971816,0.18123466999180693,1.263257151716021
247.475,0.2469619386110035,0.08192662888247482,0.16503530972852867,1.1503430072714966
213.925,0.5742821161800513,0.15343259655381863,0.4208495196262327,2.9334407455710556
291.44166666666666,-0.0227826720209199,-0.011780645194527262,-0.01100202682639264,-0.07668725345123162
271.7,-0.0590693383851511,0.030295270705476218,-0.08936460909062732,-0.6228967203082332
246.7083333333333,-0.0666245030703971,0.08356064503393135,-0.15018514810432845,-1.0468331607462276
212.1833333333333,0.2431572255772507,0.15714465498484476,0.08601257059240594,0.5995320594191382
294.4833333333333,0.1021257742015677,-0.018263426664979376,0.12038920086654707,0.8391469413160151
278.725,0.0848973583274063,0.0153227096655002,0.0695746486619061,0.48495507236146174
287.125,0.0371514867011236,-0.002580423820022437,0.03973191052114604,0.27694270704080937
264.3833333333333,-0.0382590634842993,0.045889468324810445,-0.08414853180910975,-0.5865391793913743
240.59166666666667,0.4033542328657314,0.09659725215533377,0.30675698071039764,2.138183327388416
204.4333333333333,0.3800837391860419,0.17366242695065448,0.2064213122353874,1.4388152054998484
283.925,0.1610143039518705,0.0042398175077956735,0.15677448644407482,1.0927627214816953
270.575,-0.0087111693533269,0.03269301179728723,-0.04140418115061413,-0.288598908541194
209.175,0.0763171912710206,0.1635563922747988,-0.08723920100377819,-0.6080820219607889
287.2,0.0233805272672525,-0.0027402732261432305,0.02612080049339573,0.1820694022469389
261.6,-0.0744850642493716,0.05182165739640232,-0.12630672164577392,-0.8803937427427201
234.9333333333333,-0.0980759517065497,0.10865700179488735,-0.20673295350143706,-1.44098743368403
195.725,0.0907515443709882,0.19222271910578465,-0.10147117473479644,-0.7072829231987039
288.66666666666663,0.0156404654973846,-0.005866217168059795,0.021506682665444397,0.14990768978163954
264.5083333333333,-0.0583180620666201,0.04562305264794253,-0.10394111471456263,-0.7244991067462007
236.38333333333333,-0.0414992274160363,0.10556657994321961,-0.1470658073592559,-1.0250904693228358
199.05,0.2739412839038514,0.1851360621010985,0.08880522180275291,0.618997631949376
294.31666666666666,0.0320185533081215,-0.01790820576248886,0.04992675907061036,0.3480036985241426
278.70000000000005,-0.0327499810988695,0.015375992800873761,-0.04812597389974326,-0.33545171414993397
257.44166666666666,0.030441660638876,0.06068441891354104,-0.03024275827466504,-0.2108006193286118
213.15,0.1033444767168552,0.15508437375039963,-0.051739897033544424,-0.36064178536937935
291.69166666666666,0.2080140418227281,-0.01231347654826298,0.22032751837099107,1.5357454140235967
270.8666666666667,0.1700592924319728,0.0320713752179288,0.137987917214044,0.9618149953257813
247.13333333333333,0.1970994073984542,0.08265483173258037,0.11444457566587382,0.7977112143695029
216.41666666666669,0.4561738102586905,0.1481220440615852,0.30805176619710534,2.1472083501729395
272.3333333333333,-0.099003955348338,0.028945431276012124,-0.12794938662435013,-0.8918435844432824
231.475,0.0952998271967354,0.11602783552156576,-0.020728008324830363,-0.1444801083498809
198.2,0.4748976061675558,0.1869476887038003,0.2879499174637555,2.0070927521128894
285.7416666666667,0.0056402517362015,0.0003679096706489249,0.005272342065552575,0.036749722450475954
258.875,-0.0953455756225577,0.057629519152122444,-0.15297509477468013,-1.0662798818641426
231.025,-0.0922245600111514,0.11698693195829019,-0.20921149196944158,-1.4582635511380002
193.28333333333333,0.2187294532850633,0.1974267053272709,0.021302747957792384,0.14848620691670994
274.55,-0.0449764710997696,0.02422099327288807,-0.06919746437265767,-0.4823259906800729
219.525,0.0969678777898158,0.1414971742301368,-0.044529296440321,-0.3103818501816525
270.625,-0.04766564127924,0.03258644552654011,-0.08025208680578011,-0.5593798504564258
209.175,0.12810757756575,0.1635563922747988,-0.03544881470904879,-0.24708831209330073
282.95,0.0055532829438298,0.006317859787365321,-0.0007645768435355213,-0.005329317871003224
243.56666666666663,-0.0729068047245683,0.09025655904587782,-0.1631633637704461,-1.1372950119884715
205.13333333333333,0.0608330787039388,0.17217049916019417,-0.11133742045625536,-0.7760534595910178
288.80833333333334,0.0732698685446414,-0.006168154935176862,0.07943802347981826,0.5537055977402235
263.7583333333333,0.0147637668688791,0.04722154670914991,-0.03245777984027081,-0.2262399490886583
234.75833333333333,0.0092053906687787,0.10902998374250228,-0.09982459307372357,-0.6958057811081271
197.66666666666663,0.3606825521938652,0.18808439559177004,0.17259815660209515,1.2030581991318503
266.1,-0.0578499723305574,0.04223069302915794,-0.10008066535971534,-0.6975906777101404
200.075,0.0759957048647806,0.1829514535507818,-0.10695574868600119,-0.7455119622025986
292.93333333333334,0.1380529358535752,-0.014959872271817498,0.1530128081253927,1.066542754635699
256.6083333333333,-0.0560206609995488,0.06246052342599384,-0.11848118442554265,-0.8258475245167926
217.50833333333333,-0.0849329643770396,0.14579534715027226,-0.23072831152731185,-1.6082418979404722
196.15833333333333,0.2749025644485739,0.19129914475930926,0.08360341968926466,0.5827395930102888
243.625,0.0011969173131795,0.09013223173000606,-0.08893531441682656,-0.6199044144381868
287.26666666666665,-0.005852500592972,-0.0028823615871393926,-0.002970139005832607,-0.020702712901887767
261.7166666666667,-0.0629195933323134,0.051573002764658926,-0.11449259609697232,-0.7980459304203358
233.7333333333333,-0.0056585255273737,0.11121459229281916,-0.11687311782019286,-0.8146388433095176
197.75833333333333,0.4756694066832427,0.1878890240954002,0.2877803825878425,2.00591104585066
279.0083333333333,0.0580566750030044,0.0147188341312664,0.043337840871738,0.30207706628995895
248.35,-0.0061328071930148,0.08006171914439952,-0.08619452633741433,-0.6008003426686294
231.6833333333333,-0.011497694788604,0.11558380939345264,-0.12708150418205663,-0.8857941971923464
203.825,0.2677349444081345,0.17495898324474485,0.09277596116338965,0.6466748136671534
284.3416666666667,-0.0065187239939257,0.0033517652515693275,-0.009870489245495027,-0.06880011496073764
256.025,-0.1195207255790699,0.06370379658471059,-0.1832245221637805,-1.2771269868155462
226.8083333333333,-0.128769968655292,0.1259740207913007,-0.2547439894465927,-1.7756379976283054
187.625,0.1786270905027298,0.20948645496682444,-0.030859364464094652,-0.21509853969133566
