T_K,delta_Ea_pred,ci_lower,ci_upper
181.49166666666667,0.22255858417847596,0.16334665826582073,0.2817705100911312
182.08458961474037,0.22129487243014345,0.16251271676951085,0.28007702809077606
182.6775125628141,0.2200311606818109,0.16167800932260237,0.27838431204101943
183.27043551088778,0.21876744893347838,0.1608425189067157,0.27669237896024107
183.86335845896147,0.21750373718514593,0.16000622802801115,0.27500124634228074
184.4562814070352,0.21624002543681337,0.15916911870177863,0.2733109321718481
185.04920435510888,0.21497631368848086,0.15833117243648942,0.2716214549404723
185.64212730318258,0.21371260194014835,0.15749237021729,0.2699328336630067
186.2350502512563,0.2124488901918158,0.15665269248892122,0.26824508789471035
186.82797319933,0.21118517844348328,0.1558121191380421,0.26655823774892445
187.42089614740368,0.20992146669515077,0.15497062947493997,0.26487230391536154
188.0138190954774,0.2086577549468182,0.15412820221460616,0.26318730767903026
188.6067420435511,0.20739404319848576,0.15328481545715797,0.2615032709398135
189.1996649916248,0.20613033145015325,0.152440446667585,0.2598202162327215
189.7925879396985,0.20486661970182068,0.15159507265480113,0.25813816674884027
190.3855108877722,0.20360290795348818,0.15074866954997906,0.2564571463569973
190.9784338358459,0.20233919620515567,0.14990121278414748,0.25477717962616386
191.5713567839196,0.2010754844568231,0.1490526770650293,0.2530982918486169
192.1642797319933,0.1998117727084906,0.14820303635310003,0.25142050906388114
192.757202680067,0.19854806096015815,0.14735226383684402,0.24974385808347227
193.35012562814072,0.19728434921182558,0.14650033190718867,0.2480683665164625
193.9430485762144,0.19602063746349307,0.14564721213109608,0.24639406279589007
194.5359715242881,0.19475692571516057,0.14479287522428982,0.2447209762060313
195.12889447236182,0.193493213966828,0.1439372910230993,0.2430491369105567
195.7218174204355,0.1922295022184955,0.14308042845540137,0.24137857598158963
196.3147403685092,0.190965790470163,0.1422222555106409,0.23970932542968507
196.90766331658293,0.18970207872183042,0.1413627392089138,0.23804141823474706
197.50058626465662,0.18843836697349797,0.14050184556909595,0.2363748883779
198.0935092127303,0.18717465522516546,0.13963953957600403,0.2347097708743269
198.68643216080403,0.1859109434768329,0.13877578514657582,0.23304610180708998
199.27935510887772,0.1846472317285004,0.13791054509505957,0.23138391836194122
199.87227805695142,0.1833835199801679,0.1370437810972039,0.22972325886313189
200.46520100502514,0.18211980823183532,0.1361754536534444,0.22806416281022623
201.05812395309883,0.18085609648350282,0.13530552205108393,0.2264066709159217
201.65104690117252,0.17959238473517036,0.13443394432546904,0.22475082514487169
202.24396984924624,0.1783286729868378,0.13356067722016818,0.22309666875350742
202.83689279731993,0.1770649612385053,0.13268567614616353,0.22144424633084706
203.42981574539363,0.17580124949017278,0.13180889514007077,0.2197936038402748
204.02273869346735,0.17453753774184022,0.1309302868214105,0.21814478866226994
204.61566164154104,0.1732738259935077,0.13004980234895913,0.2164978496380563
205.20858458961473,0.1720101142451752,0.12916739137621575,0.21485283711413466
205.80150753768845,0.17074640249684264,0.12828300200602916,0.21320980298765613
206.39443048576214,0.1694826907485102,0.12739658074443913,0.21156880075258125
206.98735343383584,0.16821897900017768,0.12650807245379447,0.2099298855465609
207.58027638190956,0.16695526725184512,0.12561742030522427,0.20829311419846597
208.17319932998325,0.1656915555035126,0.1247245657305481,0.20665854527647712
208.76612227805694,0.1644278437551801,0.1238294483737257,0.2050262391366345
209.35904522613066,0.16316413200684754,0.12293200604196208,0.203396257971733
209.95196817420435,0.16190042025851503,0.12203217465659877,0.2017686658604313
210.54489112227805,0.16063670851018258,0.12112988820393909,0.20014352881642605
211.13781407035177,0.15937299676185002,0.1202250786861758,0.19852091483752424
211.73073701842546,0.1581092850135175,0.11931767607260887,0.19690089395442614
212.32365996649915,0.156845573265185,0.11840760825136232,0.19528353827900768
212.91658291457287,0.15558186151685244,0.11749480098183449,0.1936689220518704
213.50950586264656,0.15431814976851993,0.11657917784814058,0.19205712168889927
214.10242881072026,0.15305443802018742,0.11566066021383263,0.1904482158265422
214.69535175879395,0.15179072627185497,0.11473916717821256,0.18884228536549738
215.28827470686767,0.1505270145235224,0.11381461553458258,0.18723941351246223
215.88119765494136,0.1492633027751899,0.11288691973081152,0.18563968581956827
216.47412060301508,0.14799959102685734,0.1119559918326265,0.18404319022108817
217.06704355108877,0.14673587927852483,0.11102174149007794,0.18245001706697173
217.65996649916246,0.14547216753019232,0.11008407590765953,0.1808602591527251
218.25288944723616,0.1442084557818598,0.10914289981860475,0.17927401174511487
218.84581239530988,0.14294474403352725,0.10819811546391837,0.1776913726031361
219.43873534338357,0.1416810322851948,0.10724962257674195,0.17611244199364764
220.0316582914573,0.14041732053686223,0.10629731837269005,0.17453732270103442
220.62458123953098,0.13915360878852973,0.10534109754683577,0.17296612003022369
221.21750418760467,0.13788989704019722,0.10438085227805817,0.17139894180233628
221.81042713567837,0.1366261852918647,0.10341647224150566,0.16983589834222376
222.4033500837521,0.13536247354353215,0.10244784462996043,0.16827710245710387
222.99627303182578,0.13409876179519964,0.101474854184923,0.16672266940547628
223.5891959798995,0.13283505004686713,0.10049738323826153,0.16517271685547275
224.1821189279732,0.13157133829853462,0.0995153117652958,0.16362736483177345
224.77504187604688,0.13030762655020212,0.0985285174502002,0.16208673565020404
225.36796482412058,0.1290439148018696,0.09753687576462067,0.16055095383911855
225.9608877721943,0.12778020305353704,0.09654026006040045,0.15902014604667364
226.553810720268,0.12651649130520454,0.09553854167730126,0.1574944409331078
227.1467336683417,0.12525277955687197,0.09453159006658379,0.15597396904716015
227.7396566164154,0.12398906780853947,0.09351927293128001,0.15445886268579892
228.3325795644891,0.12272535606020701,0.0925014563839387,0.15294925573647533
228.9255025125628,0.1214616443118745,0.09147800512256346,0.15144528350118555
229.5184254606365,0.12019793256354194,0.09044878262538003,0.14994708250170385
230.1113484087102,0.11893422081520943,0.08941365136496879,0.14845479026545008
230.70427135678392,0.11767050906687687,0.08837247304217864,0.1469685450915751
231.2971943048576,0.11640679731854436,0.08732510884009899,0.14548848579698972
231.8901172529313,0.11514308557021186,0.0862714196982023,0.14401475144222142
232.483040201005,0.1138793738218794,0.08521126660658923,0.14254748103716958
233.07596314907872,0.11261566207354684,0.0841445109200621,0.1410868132270316
233.6688860971524,0.11135195032521433,0.08307101469153044,0.13963288595889822
234.26180904522613,0.11008823857688177,0.08199064102400619,0.13818583612975735
234.85473199329982,0.10882452682854926,0.08090325444019024,0.13674579921690827
235.44765494137351,0.10756081508021675,0.07980872126837416,0.13531290889205935
236.0405778894472,0.10629710333188425,0.07870691004309996,0.13388729662066853
236.63350083752093,0.10503339158355174,0.07759769191872755,0.13246909124837594
237.22642378559462,0.10376967983521923,0.07648094109376795,0.1310584185766705
237.81934673366834,0.10250596808688661,0.0753565352435522,0.12965540093022104
238.41226968174203,0.1012422563385541,0.07422435595852717,0.12826015671858104
239.00519262981572,0.09997854459022171,0.07308428918520657,0.12687279999523685
239.59811557788942,0.0987148328418892,0.07193622566656911,0.1254934400172093
240.19103852596314,0.09745112109355658,0.07078006137848686,0.1241221808086263
240.78396147403683,0.09618740934522407,0.0696156979585949,0.12275912073185324
241.37688442211055,0.09492369759689157,0.06844304312388783,0.1214043520698953
241.96980737018424,0.09365998584855906,0.06726201107325289,0.12005796062386523
242.56273031825793,0.09239627410022655,0.06607252287112585,0.11872002532932725
243.15565326633163,0.09113256235189404,0.06487450680849455,0.11739061789529354
243.74857621440535,0.08986885060356153,0.06366789873757549,0.11606980246954758
244.34149916247904,0.08860513885522903,0.062452642376652184,0.11475763533380587
244.93442211055276,0.08734142710689641,0.06122868958179148,0.11345416463200134
245.52734505862645,0.0860777153585639,0.05999600058244413,0.11215943013468367
246.12026800670014,0.08481400361023139,0.058754544178280424,0.11087346304218236
246.71319095477384,0.08355029186189888,0.05750429789501553,0.10959628582878224
247.30611390284756,0.08228658011356638,0.05624524809742054,0.10832791212971221
247.89903685092125,0.08102286836523387,0.054977390058200376,0.10706834667226736
248.49195979899497,0.07975915661690136,0.053700727981928854,0.10581758525187387
249.08488274706866,0.07849544486856885,0.052415274983758864,0.10457561475337884
249.67780569514235,0.07723173312023635,0.0511210530231585,0.10334241321731419
250.27072864321605,0.07596802137190384,0.0498180927934523,0.10211794995035538
250.86365159128977,0.07470430962357122,0.04850643356845774,0.1009021856786847
251.45657453936346,0.07344059787523871,0.0471861230079927,0.09969507274248472
252.04949748743718,0.0721768861269062,0.04585721692447494,0.09849655532933746
252.64242043551087,0.0709131743785737,0.044519779013241154,0.09730656974390624
253.23534338358456,0.06964946263024119,0.04317388054955979,0.09612504471092259
253.82826633165826,0.06838575088190868,0.041819600055606594,0.09495190170821077
254.42118927973198,0.06712203913357617,0.040457022940902365,0.09378705532624998
255.01411222780567,0.06585832738524366,0.039086241119879996,0.09263041365060734
255.6070351758794,0.06459461563691105,0.03770735261035171,0.09148187866347038
256.1999581239531,0.06333090388857854,0.036320461116689615,0.09034134666046746
256.7928810720268,0.06206719214024614,0.03492567560151197,0.08920870867898031
257.38580402010047,0.060803480391913634,0.03352310984959755,0.08808385093422971
257.9787269681742,0.059539768643581015,0.03211288202762427,0.08696665525953776
258.5716499162479,0.05827605689524851,0.030695114243159582,0.08585699954733743
259.1645728643216,0.057012345146916,0.029269932106124438,0.08475475818770756
259.7574958123953,0.05574863339858349,0.027837464295718286,0.0836598025014487
260.350418760469,0.054484921650250984,0.026397842135527753,0.08257200116497421
260.9433417085427,0.053221209901918476,0.02495119917926707,0.08149122062456989
261.53626465661637,0.05195749815358597,0.023497670809308948,0.08041732549786298
262.12918760469006,0.05069378640525346,0.022037393849872685,0.07935017896063423
262.7221105527638,0.04943007465692084,0.020570506196444842,0.07828964311739683
263.3150335008375,0.048166362908588334,0.019097146462723986,0.07723557935445269
263.9079564489112,0.046902651160255826,0.017617453646103527,0.07618784867440813
264.5008793969849,0.04563893941192332,0.016131566812450728,0.0751463120113959
265.09380234505863,0.0443752276635907,0.01463962480069093,0.07411083052649046
265.6867252931323,0.0431115159152583,0.013141765947484604,0.073081265883032
266.279648241206,0.041847804166925795,0.011638127832075029,0.07205748050177656
266.8725711892797,0.04058409241859329,0.010128847041207058,0.07103933779597951
267.4654941373534,0.03932038067026078,0.008614058953846093,0.07002670238667547
268.0584170854271,0.03805666892192827,0.007093897545291009,0.06901944029856553
268.6513400335008,0.036792957173595764,0.005568495210150379,0.06801741913704115
269.2442629815745,0.035529245425263256,0.0040379826035506355,0.06702050824697588
269.83718592964823,0.03426553367693064,0.0025024884998619615,0.06602857885399932
270.4301088777219,0.03300182192859813,0.0009621396681633101,0.06504150418903296
271.0230318257956,0.03173811018026562,-0.000582939236384368,0.0640591595969156
271.6159547738693,0.030474398431933114,-0.0021326257661170925,0.06308142262998331
272.20887772194305,0.029210686683600495,-0.003686799760286477,0.06210817312748747
272.80180067001675,0.027946974935267987,-0.005245343411211106,0.06113929328174708
273.39472361809044,0.02668326318693548,-0.006808141318057889,0.06017466769192885
273.98764656616413,0.025419551438603083,-0.008375080529136415,0.05921418340634258
274.5805695142378,0.024155839690270575,-0.009946050573578773,0.05825772995411992
275.1734924623115,0.022892127941938067,-0.011520943483249738,0.05730519936712587
275.7664154103852,0.02162841619360556,-0.013099653805709467,0.05635648619292059
276.3593383584589,0.020364704445273052,-0.01468207860901545,0.055411487499561554
276.95226130653265,0.019100992696940433,-0.01626811747911852,0.05447010287299939
277.54518425460634,0.017837280948607925,-0.017857672510569196,0.05353223440778505
278.13810720268003,0.016573569200275418,-0.019450648291215455,0.05259778669176629
278.7310301507537,0.01530985745194291,-0.021046951881529205,0.051666666785415025
279.3239530988275,0.014046145703610291,-0.022646492789164363,0.050738784196384945
279.91687604690117,0.012782433955277783,-0.024249182939306238,0.049814050849861805
280.50979899497486,0.011518722206945275,-0.025854936641337506,0.04889238105522806
281.10272194304855,0.010255010458612768,-0.02746367055230281,0.047973691469528346
281.69564489112224,0.00899129871028026,-0.029075303637622722,0.04705790105818324
282.28856783919593,0.007727586961947752,-0.03068975712946928,0.046144931053364785
282.8814907872696,0.0064638752136153554,-0.032306954483182326,0.04523470491041304
283.4744137353433,0.005200163465282848,-0.03392682133207453,0.044327148262640226
284.06733668341707,0.003936451716950229,-0.03554928544093979,0.04342218887484025
284.66025963149076,0.002672739968617721,-0.0371742766585541,0.04251975659578954
285.25318257956445,0.0014090282202852134,-0.03880172686942967,0.041619783310000096
285.84610552763814,0.00014531647195270558,-0.04043156994505502,0.04072220288896043
286.4390284757119,-0.0011183952763799132,-0.04206374169483457,0.03982695114207474
287.0319514237856,-0.002382107024712421,-0.04369817981691469,0.03893396576748985
287.6248743718593,-0.0036458187730449287,-0.04533482384906766,0.0380431863029778
288.21779731993297,-0.0049095305213774365,-0.04697361511977959,0.03715455407702472
288.81072026800666,-0.006173242269709944,-0.04861449669967715,0.03626801216025726
289.40364321608035,-0.007436954018042452,-0.050257413353407825,0.03538350531732292
289.99656616415405,-0.00870066576637496,-0.05190231149207551,0.03450097995932559
290.58948911222774,-0.009964377514707468,-0.053549139126318875,0.03362038409690394
291.1824120603015,-0.011228089263040086,-0.0551978458201083,0.03274166729402813
291.7753350083752,-0.012491801011372483,-0.05684838264532487,0.03186478062257991
292.3682579564489,-0.013755512759704991,-0.05850070213717788,0.0309896766177679
292.96118090452256,-0.015019224508037499,-0.060154758250501816,0.03011630923442682
293.5541038525963,-0.016282936256370117,-0.061810506316973546,0.02924463380423331
294.14702680067,-0.017546648004702625,-0.06346790300327557,0.028374606993870316
294.7399497487437,-0.018810359753035133,-0.0651269062702309,0.02750618676416064
295.3328726968174,-0.02007407150136764,-0.0667874753329228,0.026639332330187518
295.9257956448911,-0.02133778324970015,-0.06844957062181262,0.025774004122412326
296.5187185929648,-0.022601494998032656,-0.07011315374486145,0.024910163748796135
297.11164154103847,-0.023865206746365164,-0.07177818745065741,0.02404777395792708
297.70456448911216,-0.025128918494697672,-0.07344463559254732,0.02318679860315198
298.2974874371859,-0.02639263024303029,-0.07511246309376776,0.022327202607707188
298.8904103852596,-0.0276563419913628,-0.0767816359135669,0.021468951930841314
299.4833333333333,-0.028920053739695306,-0.07845212101430926,0.020612013534918643
