sample_id,material_branch,temperature_C,temperature_K,rb_auto_ohm,rb_manual_ohm,rb_selected_ohm,rb_selection_source,rb_delta_pct_vs_manual,abs_rb_delta_pct_vs_manual,selected_conductivity_s_cm,formal_thickness_cm,area_cm2,qc_tier,claim_allowed,qc_note,sequence_direction_inferred,sequence_warning,geometry_conflict
2026.4.25CS,LRS/PVA/attapulgite/H3PO4,18,291.15,3.4703733,3.4893333,3.4893333,manual,-0.543371,0.543371,0.014621821,0.1,1.96,support/control,no,supporting branch or control sample,nonmonotonic_or_filename_sorted,sequence_order_not_sufficient_for_hysteresis_claim,False
2026.4.25CS,LRS/PVA/attapulgite/H3PO4,15,288.15,3.8555655,3.919,3.919,manual,-1.61864,1.61864,0.013018731,0.1,1.96,support/control,no,supporting branch or control sample,nonmonotonic_or_filename_sorted,sequence_order_not_sufficient_for_hysteresis_claim,False
2026.4.25CS,LRS/PVA/attapulgite/H3PO4,12,285.15,4.3652401,4.432,4.432,manual,-1.50632,1.50632,0.011511825,0.1,1.96,support/control,no,supporting branch or control sample,nonmonotonic_or_filename_sorted,sequence_order_not_sufficient_for_hysteresis_claim,False
2026.4.25CS,LRS/PVA/attapulgite/H3PO4,9,282.15,4.4002049,4.468,4.468,manual,-1.51735,1.51735,0.011419071,0.1,1.96,support/control,no,supporting branch or control sample,nonmonotonic_or_filename_sorted,sequence_order_not_sufficient_for_hysteresis_claim,False
2026.4.25CS,LRS/PVA/attapulgite/H3PO4,6,279.15,4.3563138,4.4495,4.4495,manual,-2.09431,2.09431,0.011466549,0.1,1.96,support/control,no,supporting branch or control sample,nonmonotonic_or_filename_sorted,sequence_order_not_sufficient_for_hysteresis_claim,False
2026.4.25CS,LRS/PVA/attapulgite/H3PO4,3,276.15,4.5809761,4.6815,4.6815,manual,-2.14726,2.14726,0.010898304,0.1,1.96,support/control,no,supporting branch or control sample,nonmonotonic_or_filename_sorted,sequence_order_not_sufficient_for_hysteresis_claim,False
2026.4.25CS,LRS/PVA/attapulgite/H3PO4,0,273.15,5.1172135,5.2495,5.2495,manual,-2.51998,2.51998,0.0097190986,0.1,1.96,support/control,no,supporting branch or control sample,nonmonotonic_or_filename_sorted,sequence_order_not_sufficient_for_hysteresis_claim,False
2026.4.25CS,LRS/PVA/attapulgite/H3PO4,-3,270.15,5.461374,5.58,5.58,manual,-2.12591,2.12591,0.0091434423,0.1,1.96,support/control,no,supporting branch or control sample,nonmonotonic_or_filename_sorted,sequence_order_not_sufficient_for_hysteresis_claim,False
2026.4.25CS,LRS/PVA/attapulgite/H3PO4,-6,267.15,6.0931997,6.2185,6.2185,manual,-2.01496,2.01496,0.0082046166,0.1,1.96,support/control,no,supporting branch or control sample,nonmonotonic_or_filename_sorted,sequence_order_not_sufficient_for_hysteresis_claim,False
2026.4.25CS,LRS/PVA/attapulgite/H3PO4,-9,264.15,6.8301596,6.9765,6.9765,manual,-2.09762,2.09762,0.0073131811,0.1,1.96,support/control,no,supporting branch or control sample,nonmonotonic_or_filename_sorted,sequence_order_not_sufficient_for_hysteresis_claim,False
2026.4.25CS,LRS/PVA/attapulgite/H3PO4,-12,261.15,6.9442805,7.09,7.09,manual,-2.05528,2.05528,0.0071961083,0.1,1.96,support/control,no,supporting branch or control sample,nonmonotonic_or_filename_sorted,sequence_order_not_sufficient_for_hysteresis_claim,False
2026.4.25CS,LRS/PVA/attapulgite/H3PO4,-15,258.15,7.9265112,8.0855,8.0855,manual,-1.96634,1.96634,0.0063101117,0.1,1.96,support/control,no,supporting branch or control sample,nonmonotonic_or_filename_sorted,sequence_order_not_sufficient_for_hysteresis_claim,False
2026.4.25CS,LRS/PVA/attapulgite/H3PO4,-18,255.15,8.3323922,8.498,8.498,manual,-1.94879,1.94879,0.0060038136,0.1,1.96,support/control,no,supporting branch or control sample,nonmonotonic_or_filename_sorted,sequence_order_not_sufficient_for_hysteresis_claim,False
2026.4.25CS,LRS/PVA/attapulgite/H3PO4,-21,252.15,9.4087581,9.583,9.583,manual,-1.81824,1.81824,0.0053240539,0.1,1.96,support/control,no,supporting branch or control sample,nonmonotonic_or_filename_sorted,sequence_order_not_sufficient_for_hysteresis_claim,False
2026.4.25CS,LRS/PVA/attapulgite/H3PO4,-24,249.15,10.602409,10.795,10.795,manual,-1.78408,1.78408,0.0047263,0.1,1.96,support/control,no,supporting branch or control sample,nonmonotonic_or_filename_sorted,sequence_order_not_sufficient_for_hysteresis_claim,False
2026.4.25CS,LRS/PVA/attapulgite/H3PO4,-27,246.15,12.23896,12.445,12.445,manual,-1.6556,1.6556,0.0040996712,0.1,1.96,support/control,no,supporting branch or control sample,nonmonotonic_or_filename_sorted,sequence_order_not_sufficient_for_hysteresis_claim,False
2026.4.25CS,LRS/PVA/attapulgite/H3PO4,-30,243.15,14.331558,14.57,14.57,manual,-1.63652,1.63652,0.0035017439,0.1,1.96,support/control,no,supporting branch or control sample,nonmonotonic_or_filename_sorted,sequence_order_not_sufficient_for_hysteresis_claim,False
2026.4.25CS,LRS/PVA/attapulgite/H3PO4,-33,240.15,15.452683,15.725,15.725,manual,-1.73175,1.73175,0.0032445411,0.1,1.96,support/control,no,supporting branch or control sample,nonmonotonic_or_filename_sorted,sequence_order_not_sufficient_for_hysteresis_claim,False
2026.4.25CS,LRS/PVA/attapulgite/H3PO4,-36,237.15,19.812782,20.15,20.15,manual,-1.67354,1.67354,0.0025320302,0.1,1.96,support/control,no,supporting branch or control sample,nonmonotonic_or_filename_sorted,sequence_order_not_sufficient_for_hysteresis_claim,False
2026.4.25CS,LRS/PVA/attapulgite/H3PO4,-39,234.15,25.051686,25.44,25.44,manual,-1.52639,1.52639,0.0020055192,0.1,1.96,support/control,no,supporting branch or control sample,nonmonotonic_or_filename_sorted,sequence_order_not_sufficient_for_hysteresis_claim,False
2026.4.25CS,LRS/PVA/attapulgite/H3PO4,-42,231.15,31.848615,32.275,32.275,manual,-1.3211,1.3211,0.0015808027,0.1,1.96,support/control,no,supporting branch or control sample,nonmonotonic_or_filename_sorted,sequence_order_not_sufficient_for_hysteresis_claim,False
2026.4.25CS,LRS/PVA/attapulgite/H3PO4,-45,228.15,40.208362,40.695,40.695,manual,-1.19582,1.19582,0.0012537267,0.1,1.96,support/control,no,supporting branch or control sample,nonmonotonic_or_filename_sorted,sequence_order_not_sufficient_for_hysteresis_claim,False
2026.4.25CS,LRS/PVA/attapulgite/H3PO4,-48,225.15,51.874366,52.505,52.505,manual,-1.20109,1.20109,0.00097172475,0.1,1.96,support/control,no,supporting branch or control sample,nonmonotonic_or_filename_sorted,sequence_order_not_sufficient_for_hysteresis_claim,False
2026.4.25CS,LRS/PVA/attapulgite/H3PO4,-51,222.15,60.703521,61.67,61.67,manual,-1.56718,1.56718,0.00082731325,0.1,1.96,support/control,no,supporting branch or control sample,nonmonotonic_or_filename_sorted,sequence_order_not_sufficient_for_hysteresis_claim,False
2026.4.25CS,LRS/PVA/attapulgite/H3PO4,-54,219.15,93.586238,94.375,94.375,manual,-0.835774,0.835774,0.0005406136,0.1,1.96,support/control,no,supporting branch or control sample,nonmonotonic_or_filename_sorted,sequence_order_not_sufficient_for_hysteresis_claim,False
2026.4.25CS,LRS/PVA/attapulgite/H3PO4,-57,216.15,125.72973,126.6,126.6,manual,-0.687416,0.687416,0.0004030048,0.1,1.96,support/control,no,supporting branch or control sample,nonmonotonic_or_filename_sorted,sequence_order_not_sufficient_for_hysteresis_claim,False
2026.4.25CS,LRS/PVA/attapulgite/H3PO4,-60,213.15,171.14101,172.9,172.9,manual,-1.01734,1.01734,0.00029508622,0.1,1.96,support/control,no,supporting branch or control sample,nonmonotonic_or_filename_sorted,sequence_order_not_sufficient_for_hysteresis_claim,False
2026.4.25CS,LRS/PVA/attapulgite/H3PO4,-63,210.15,254.48801,256.55,256.55,manual,-0.803739,0.803739,0.00019887121,0.1,1.96,support/control,no,supporting branch or control sample,nonmonotonic_or_filename_sorted,sequence_order_not_sufficient_for_hysteresis_claim,False
2026.4.25CS,LRS/PVA/attapulgite/H3PO4,-64,209.15,476.6745,,476.6745,auto,,,0.00010703406,0.1,1.96,support/control,no,supporting branch or control sample,nonmonotonic_or_filename_sorted,sequence_order_not_sufficient_for_hysteresis_claim,False
2026.4.25CS,LRS/PVA/attapulgite/H3PO4,-65,208.15,542.4935,,542.4935,auto,,,9.4047962e-05,0.1,1.96,support/control,no,supporting branch or control sample,nonmonotonic_or_filename_sorted,sequence_order_not_sufficient_for_hysteresis_claim,False
2026.4.25CS,LRS/PVA/attapulgite/H3PO4,-66,207.15,488.11167,491.6,491.6,manual,-0.709586,0.709586,0.00010378439,0.1,1.96,support/control,no,supporting branch or control sample,nonmonotonic_or_filename_sorted,sequence_order_not_sufficient_for_hysteresis_claim,False
2026.4.25CS,LRS/PVA/attapulgite/H3PO4,-69,204.15,791.81056,899.1,899.1,manual,-11.933,11.933,5.6746088e-05,0.1,1.96,support/control,no,supporting branch or control sample,nonmonotonic_or_filename_sorted,sequence_order_not_sufficient_for_hysteresis_claim,False
2026.4.25CS,LRS/PVA/attapulgite/H3PO4,-72,201.15,1402.6349,1435.5,1435.5,manual,-2.28945,2.28945,3.5541907e-05,0.1,1.96,support/control,no,supporting branch or control sample,nonmonotonic_or_filename_sorted,sequence_order_not_sufficient_for_hysteresis_claim,False
2026.4.25CS,LRS/PVA/attapulgite/H3PO4,-75,198.15,2536.578,2569,2569,manual,-1.26205,1.26205,1.9860027e-05,0.1,1.96,support/control,no,supporting branch or control sample,nonmonotonic_or_filename_sorted,sequence_order_not_sufficient_for_hysteresis_claim,False
2026.4.25CS,LRS/PVA/attapulgite/H3PO4,-78,195.15,5277.6819,5201.5,5201.5,manual,1.46461,1.46461,9.8087875e-06,0.1,1.96,support/control,no,supporting branch or control sample,nonmonotonic_or_filename_sorted,sequence_order_not_sufficient_for_hysteresis_claim,False
2026.4.25CS,LRS/PVA/attapulgite/H3PO4,-81,192.15,7691.0665,8155,8155,manual,-5.68894,5.68894,6.2563345e-06,0.1,1.96,support/control,no,supporting branch or control sample,nonmonotonic_or_filename_sorted,sequence_order_not_sufficient_for_hysteresis_claim,False
2026.4.25CS,LRS/PVA/attapulgite/H3PO4,-84,189.15,10897.613,22637,22637,manual,-51.8593,51.8593,2.2538503e-06,0.1,1.96,support/control,no,supporting branch or control sample,nonmonotonic_or_filename_sorted,sequence_order_not_sufficient_for_hysteresis_claim,False
2026.4.27CS,corn-starch/PVA/attapulgite/H3PO4,24,297.15,2.4796904,2.405,2.405,manual,3.10563,3.10563,0.012728584,0.06,1.96,support/control,no,supporting branch or control sample,nonmonotonic_or_filename_sorted,sequence_order_not_sufficient_for_hysteresis_claim,False
2026.4.27CS,corn-starch/PVA/attapulgite/H3PO4,22,295.15,2.8234403,2.762,2.762,manual,2.22449,2.22449,0.011083362,0.06,1.96,support/control,no,supporting branch or control sample,nonmonotonic_or_filename_sorted,sequence_order_not_sufficient_for_hysteresis_claim,False
2026.4.27CS,corn-starch/PVA/attapulgite/H3PO4,21,294.15,2.6669812,2.58,2.58,manual,3.37136,3.37136,0.011865211,0.06,1.96,support/control,no,supporting branch or control sample,nonmonotonic_or_filename_sorted,sequence_order_not_sufficient_for_hysteresis_claim,False
2026.4.27CS,corn-starch/PVA/attapulgite/H3PO4,18,291.15,2.8247052,2.7655,2.7655,manual,2.14085,2.14085,0.011069335,0.06,1.96,support/control,no,supporting branch or control sample,nonmonotonic_or_filename_sorted,sequence_order_not_sufficient_for_hysteresis_claim,False
2026.4.27CS,corn-starch/PVA/attapulgite/H3PO4,15,288.15,3.1336284,3.063,3.063,manual,2.30586,2.30586,0.0099942034,0.06,1.96,support/control,no,supporting branch or control sample,nonmonotonic_or_filename_sorted,sequence_order_not_sufficient_for_hysteresis_claim,False
2026.4.27CS,corn-starch/PVA/attapulgite/H3PO4,12,285.15,3.3687473,3.2975,3.2975,manual,2.16065,2.16065,0.0092834708,0.06,1.96,support/control,no,supporting branch or control sample,nonmonotonic_or_filename_sorted,sequence_order_not_sufficient_for_hysteresis_claim,False
2026.4.27CS,corn-starch/PVA/attapulgite/H3PO4,9,282.15,3.6669885,3.625,3.625,manual,1.1583,1.1583,0.0084447572,0.06,1.96,support/control,no,supporting branch or control sample,nonmonotonic_or_filename_sorted,sequence_order_not_sufficient_for_hysteresis_claim,False
2026.4.27CS,corn-starch/PVA/attapulgite/H3PO4,6,279.15,4.1052623,4.044,4.044,manual,1.51489,1.51489,0.0075697935,0.06,1.96,support/control,no,supporting branch or control sample,nonmonotonic_or_filename_sorted,sequence_order_not_sufficient_for_hysteresis_claim,False
2026.4.27CS,corn-starch/PVA/attapulgite/H3PO4,3,276.15,4.6189108,4.5795,4.5795,manual,0.860592,0.860592,0.006684626,0.06,1.96,support/control,no,supporting branch or control sample,nonmonotonic_or_filename_sorted,sequence_order_not_sufficient_for_hysteresis_claim,False
2026.4.27CS,corn-starch/PVA/attapulgite/H3PO4,0,273.15,5.1872557,5.148,5.148,manual,0.762544,0.762544,0.0059464345,0.06,1.96,support/control,no,supporting branch or control sample,nonmonotonic_or_filename_sorted,sequence_order_not_sufficient_for_hysteresis_claim,False
2026.4.27CS,corn-starch/PVA/attapulgite/H3PO4,-3,270.15,6.0540662,6.0145,6.0145,manual,0.657847,0.657847,0.0050897406,0.06,1.96,support/control,no,supporting branch or control sample,nonmonotonic_or_filename_sorted,sequence_order_not_sufficient_for_hysteresis_claim,False
2026.4.27CS,corn-starch/PVA/attapulgite/H3PO4,-6,267.15,7.1099087,7.077,7.077,manual,0.465009,0.465009,0.0043255963,0.06,1.96,support/control,no,supporting branch or control sample,nonmonotonic_or_filename_sorted,sequence_order_not_sufficient_for_hysteresis_claim,False
2026.4.27CS,corn-starch/PVA/attapulgite/H3PO4,-9,264.15,8.6571056,8.6175,8.6175,manual,0.459596,0.459596,0.0035523348,0.06,1.96,support/control,no,supporting branch or control sample,nonmonotonic_or_filename_sorted,sequence_order_not_sufficient_for_hysteresis_claim,False
2026.4.27CS,corn-starch/PVA/attapulgite/H3PO4,-12,261.15,10.265541,10.225,10.225,manual,0.39649,0.39649,0.0029938626,0.06,1.96,support/control,no,supporting branch or control sample,nonmonotonic_or_filename_sorted,sequence_order_not_sufficient_for_hysteresis_claim,False
2026.4.27CS,corn-starch/PVA/attapulgite/H3PO4,-15,258.15,12.683334,12.655,12.655,manual,0.223898,0.223898,0.0024189842,0.06,1.96,support/control,no,supporting branch or control sample,nonmonotonic_or_filename_sorted,sequence_order_not_sufficient_for_hysteresis_claim,False
2026.4.27CS,corn-starch/PVA/attapulgite/H3PO4,-18,255.15,16.213408,16.176667,16.176667,manual,0.227123,0.227123,0.0018923704,0.06,1.96,support/control,no,supporting branch or control sample,nonmonotonic_or_filename_sorted,sequence_order_not_sufficient_for_hysteresis_claim,False
2026.4.27CS,corn-starch/PVA/attapulgite/H3PO4,-21,252.15,20.613008,20.6,20.6,manual,0.0631434,0.0631434,0.0014860313,0.06,1.96,support/control,no,supporting branch or control sample,nonmonotonic_or_filename_sorted,sequence_order_not_sufficient_for_hysteresis_claim,False
2026.4.27CS,corn-starch/PVA/attapulgite/H3PO4,-24,249.15,27.135713,27.125,27.125,manual,0.0394967,0.0394967,0.001128562,0.06,1.96,support/control,no,supporting branch or control sample,nonmonotonic_or_filename_sorted,sequence_order_not_sufficient_for_hysteresis_claim,False
2026.4.27CS,corn-starch/PVA/attapulgite/H3PO4,-27,246.15,35.900733,35.915,35.915,manual,-0.0397248,0.0397248,0.00085235264,0.06,1.96,support/control,no,supporting branch or control sample,nonmonotonic_or_filename_sorted,sequence_order_not_sufficient_for_hysteresis_claim,False
2026.4.27CS,corn-starch/PVA/attapulgite/H3PO4,-30,243.15,48.603656,48.685,48.685,manual,-0.167082,0.167082,0.00062878186,0.06,1.96,support/control,no,supporting branch or control sample,nonmonotonic_or_filename_sorted,sequence_order_not_sufficient_for_hysteresis_claim,False
2026.4.27CS,corn-starch/PVA/attapulgite/H3PO4,-33,240.15,64.28569,64.645,64.645,manual,-0.55582,0.55582,0.00047354389,0.06,1.96,support/control,no,supporting branch or control sample,nonmonotonic_or_filename_sorted,sequence_order_not_sufficient_for_hysteresis_claim,False
2026.4.27CS,corn-starch/PVA/attapulgite/H3PO4,-36,237.15,94.680925,95.15,95.15,manual,-0.492984,0.492984,0.00032172617,0.06,1.96,support/control,no,supporting branch or control sample,nonmonotonic_or_filename_sorted,sequence_order_not_sufficient_for_hysteresis_claim,False
2026.4.27CS,corn-starch/PVA/attapulgite/H3PO4,-39,234.15,104.84423,106.5,106.5,manual,-1.55471,1.55471,0.00028743892,0.06,1.96,support/control,no,supporting branch or control sample,nonmonotonic_or_filename_sorted,sequence_order_not_sufficient_for_hysteresis_claim,False
2026.4.27CS,corn-starch/PVA/attapulgite/H3PO4,-42,231.15,149.56707,151.8,151.8,manual,-1.47097,1.47097,0.00020166169,0.06,1.96,support/control,no,supporting branch or control sample,nonmonotonic_or_filename_sorted,sequence_order_not_sufficient_for_hysteresis_claim,False
2026.4.27CS,corn-starch/PVA/attapulgite/H3PO4,-45,228.15,201.89308,207.15,207.15,manual,-2.53774,2.53774,0.00014777816,0.06,1.96,support/control,no,supporting branch or control sample,nonmonotonic_or_filename_sorted,sequence_order_not_sufficient_for_hysteresis_claim,False
2026.4.27CS,corn-starch/PVA/attapulgite/H3PO4,-48,225.15,303.26474,330.9,330.9,manual,-8.35154,8.35154,9.2512073e-05,0.06,1.96,support/control,no,supporting branch or control sample,nonmonotonic_or_filename_sorted,sequence_order_not_sufficient_for_hysteresis_claim,False
2026.4.27CS,corn-starch/PVA/attapulgite/H3PO4,-51,222.15,534.56897,554.1,554.1,manual,-3.52482,3.52482,5.5246787e-05,0.06,1.96,support/control,no,supporting branch or control sample,nonmonotonic_or_filename_sorted,sequence_order_not_sufficient_for_hysteresis_claim,False
2026.4.27CS,corn-starch/PVA/attapulgite/H3PO4,-54,219.15,797.55499,819.9,819.9,manual,-2.72533,2.72533,3.7336559e-05,0.06,1.96,support/control,no,supporting branch or control sample,nonmonotonic_or_filename_sorted,sequence_order_not_sufficient_for_hysteresis_claim,False
2026.4.27CS,corn-starch/PVA/attapulgite/H3PO4,-57,216.15,1496.4,1442,1442,manual,3.77254,3.77254,2.1229019e-05,0.06,1.96,support/control,no,supporting branch or control sample,nonmonotonic_or_filename_sorted,sequence_order_not_sufficient_for_hysteresis_claim,False
2026.4.27CS,corn-starch/PVA/attapulgite/H3PO4,-60,213.15,4142.2202,4192,4192,manual,-1.18749,1.18749,7.3025393e-06,0.06,1.96,support/control,no,supporting branch or control sample,nonmonotonic_or_filename_sorted,sequence_order_not_sufficient_for_hysteresis_claim,False
2026.4.27CS,corn-starch/PVA/attapulgite/H3PO4,-63,210.15,4601.1899,4728,4728,manual,-2.68211,2.68211,6.4746711e-06,0.06,1.96,support/control,no,supporting branch or control sample,nonmonotonic_or_filename_sorted,sequence_order_not_sufficient_for_hysteresis_claim,False
2026.4.27CS,corn-starch/PVA/attapulgite/H3PO4,-66,207.15,6725.8701,6960,6960,manual,-3.36394,3.36394,4.398311e-06,0.06,1.96,support/control,no,supporting branch or control sample,nonmonotonic_or_filename_sorted,sequence_order_not_sufficient_for_hysteresis_claim,False
2026.4.27CS,corn-starch/PVA/attapulgite/H3PO4,-69,204.15,12154.3,13658,13658,manual,-11.0097,11.0097,2.2413417e-06,0.06,1.96,support/control,no,supporting branch or control sample,nonmonotonic_or_filename_sorted,sequence_order_not_sufficient_for_hysteresis_claim,False
2026.4.28CS,corn-starch/PVA/attapulgite/H3PO4,18,291.15,2.2033457,2.0885,2.0885,manual,5.49896,5.49896,0.014657527,0.06,1.96,support/control,no,supporting branch or control sample,nonmonotonic_or_filename_sorted,sequence_order_not_sufficient_for_hysteresis_claim,False
2026.4.28CS,corn-starch/PVA/attapulgite/H3PO4,15,288.15,2.18291,2.108,2.108,manual,3.5536,3.5536,0.014521938,0.06,1.96,support/control,no,supporting branch or control sample,nonmonotonic_or_filename_sorted,sequence_order_not_sufficient_for_hysteresis_claim,False
2026.4.28CS,corn-starch/PVA/attapulgite/H3PO4,12,285.15,2.3066036,2.157,2.157,manual,6.93572,6.93572,0.014192047,0.06,1.96,support/control,no,supporting branch or control sample,nonmonotonic_or_filename_sorted,sequence_order_not_sufficient_for_hysteresis_claim,False
2026.4.28CS,corn-starch/PVA/attapulgite/H3PO4,9,282.15,2.5698674,2.404,2.404,manual,6.89964,6.89964,0.012733879,0.06,1.96,support/control,no,supporting branch or control sample,nonmonotonic_or_filename_sorted,sequence_order_not_sufficient_for_hysteresis_claim,False
2026.4.28CS,corn-starch/PVA/attapulgite/H3PO4,6,279.15,2.7699295,2.592,2.592,manual,6.86456,6.86456,0.01181028,0.06,1.96,support/control,no,supporting branch or control sample,nonmonotonic_or_filename_sorted,sequence_order_not_sufficient_for_hysteresis_claim,False
2026.4.28CS,corn-starch/PVA/attapulgite/H3PO4,3,276.15,2.7967074,2.622,2.622,manual,6.66314,6.66314,0.011675151,0.06,1.96,support/control,no,supporting branch or control sample,nonmonotonic_or_filename_sorted,sequence_order_not_sufficient_for_hysteresis_claim,False
2026.4.28CS,corn-starch/PVA/attapulgite/H3PO4,0,273.15,3.2454984,3.038,3.038,manual,6.8301,6.8301,0.010076447,0.06,1.96,support/control,no,supporting branch or control sample,nonmonotonic_or_filename_sorted,sequence_order_not_sufficient_for_hysteresis_claim,False
2026.4.28CS,corn-starch/PVA/attapulgite/H3PO4,-3,270.15,3.2665376,3.066,3.066,manual,6.54069,6.54069,0.0099844243,0.06,1.96,support/control,no,supporting branch or control sample,nonmonotonic_or_filename_sorted,sequence_order_not_sufficient_for_hysteresis_claim,False
2026.4.28CS,corn-starch/PVA/attapulgite/H3PO4,-6,267.15,3.6199402,3.397,3.397,manual,6.56285,6.56285,0.0090115528,0.06,1.96,support/control,no,supporting branch or control sample,nonmonotonic_or_filename_sorted,sequence_order_not_sufficient_for_hysteresis_claim,False
2026.4.28CS,corn-starch/PVA/attapulgite/H3PO4,-9,264.15,3.9424007,3.704,3.704,manual,6.4363,6.4363,0.008264645,0.06,1.96,support/control,no,supporting branch or control sample,nonmonotonic_or_filename_sorted,sequence_order_not_sufficient_for_hysteresis_claim,False
2026.4.28CS,corn-starch/PVA/attapulgite/H3PO4,-12,261.15,4.7766782,4.506,4.506,manual,6.00706,6.00706,0.0067936629,0.06,1.96,support/control,no,supporting branch or control sample,nonmonotonic_or_filename_sorted,sequence_order_not_sufficient_for_hysteresis_claim,False
2026.4.28CS,corn-starch/PVA/attapulgite/H3PO4,-15,258.15,5.0848679,4.806,4.806,manual,5.8025,5.8025,0.006369589,0.06,1.96,support/control,no,supporting branch or control sample,nonmonotonic_or_filename_sorted,sequence_order_not_sufficient_for_hysteresis_claim,False
2026.4.28CS,corn-starch/PVA/attapulgite/H3PO4,-18,255.15,6.0169459,5.707,5.707,manual,5.43098,5.43098,0.0053639819,0.06,1.96,support/control,no,supporting branch or control sample,nonmonotonic_or_filename_sorted,sequence_order_not_sufficient_for_hysteresis_claim,False
2026.4.28CS,corn-starch/PVA/attapulgite/H3PO4,-21,252.15,7.1130206,6.766,6.766,manual,5.12889,5.12889,0.0045244228,0.06,1.96,support/control,no,supporting branch or control sample,nonmonotonic_or_filename_sorted,sequence_order_not_sufficient_for_hysteresis_claim,False
2026.4.28CS,corn-starch/PVA/attapulgite/H3PO4,-24,249.15,8.1888871,7.811,7.811,manual,4.83788,4.83788,0.0039191198,0.06,1.96,support/control,no,supporting branch or control sample,nonmonotonic_or_filename_sorted,sequence_order_not_sufficient_for_hysteresis_claim,False
2026.4.28CS,corn-starch/PVA/attapulgite/H3PO4,-27,246.15,9.7359062,9.311,9.311,manual,4.56349,4.56349,0.0032877505,0.06,1.96,support/control,no,supporting branch or control sample,nonmonotonic_or_filename_sorted,sequence_order_not_sufficient_for_hysteresis_claim,False
2026.4.28CS,corn-starch/PVA/attapulgite/H3PO4,-30,243.15,11.28049,10.82,10.82,manual,4.25592,4.25592,0.0028292278,0.06,1.96,support/control,no,supporting branch or control sample,nonmonotonic_or_filename_sorted,sequence_order_not_sufficient_for_hysteresis_claim,False
2026.4.28CS,corn-starch/PVA/attapulgite/H3PO4,-33,240.15,13.150545,12.66,12.66,manual,3.87476,3.87476,0.0024180288,0.06,1.96,support/control,no,supporting branch or control sample,nonmonotonic_or_filename_sorted,sequence_order_not_sufficient_for_hysteresis_claim,False
2026.4.28CS,corn-starch/PVA/attapulgite/H3PO4,-36,237.15,15.569326,15.06,15.06,manual,3.38198,3.38198,0.0020326856,0.06,1.96,support/control,no,supporting branch or control sample,nonmonotonic_or_filename_sorted,sequence_order_not_sufficient_for_hysteresis_claim,False
2026.4.28CS,corn-starch/PVA/attapulgite/H3PO4,-39,234.15,21.067449,20.47,20.47,manual,2.91866,2.91866,0.0014954687,0.06,1.96,support/control,no,supporting branch or control sample,nonmonotonic_or_filename_sorted,sequence_order_not_sufficient_for_hysteresis_claim,False
2026.4.28CS,corn-starch/PVA/attapulgite/H3PO4,-42,231.15,34.1742,33.34,33.34,manual,2.5021,2.5021,0.00091818371,0.06,1.96,support/control,no,supporting branch or control sample,nonmonotonic_or_filename_sorted,sequence_order_not_sufficient_for_hysteresis_claim,False
2026.4.28CS,corn-starch/PVA/attapulgite/H3PO4,-45,228.15,37.307758,36.56,36.56,manual,2.04529,2.04529,0.00083731523,0.06,1.96,support/control,no,supporting branch or control sample,nonmonotonic_or_filename_sorted,sequence_order_not_sufficient_for_hysteresis_claim,False
2026.4.28CS,corn-starch/PVA/attapulgite/H3PO4,-48,225.15,50.850595,50.06,50.06,manual,1.5793,1.5793,0.00061151108,0.06,1.96,support/control,no,supporting branch or control sample,nonmonotonic_or_filename_sorted,sequence_order_not_sufficient_for_hysteresis_claim,False
2026.4.28CS,corn-starch/PVA/attapulgite/H3PO4,-51,222.15,70.834514,70.34,70.34,manual,0.703034,0.703034,0.00043520394,0.06,1.96,support/control,no,supporting branch or control sample,nonmonotonic_or_filename_sorted,sequence_order_not_sufficient_for_hysteresis_claim,False
2026.4.28CS,corn-starch/PVA/attapulgite/H3PO4,-54,219.15,97.283525,96.91,96.91,manual,0.385435,0.385435,0.00031588324,0.06,1.96,support/control,no,supporting branch or control sample,nonmonotonic_or_filename_sorted,sequence_order_not_sufficient_for_hysteresis_claim,False
2026.4.28CS,corn-starch/PVA/attapulgite/H3PO4,-57,216.15,141.62238,141.4,141.4,manual,0.157267,0.157267,0.00021649395,0.06,1.96,support/control,no,supporting branch or control sample,nonmonotonic_or_filename_sorted,sequence_order_not_sufficient_for_hysteresis_claim,False
2026.4.28CS,corn-starch/PVA/attapulgite/H3PO4,-60,213.15,190.81787,193,193,manual,-1.13064,1.13064,0.00015861267,0.06,1.96,support/control,no,supporting branch or control sample,nonmonotonic_or_filename_sorted,sequence_order_not_sufficient_for_hysteresis_claim,False
2026.4.28CS,corn-starch/PVA/attapulgite/H3PO4,-63,210.15,248.84879,253.4,253.4,manual,-1.79606,1.79606,0.00012080602,0.06,1.96,support/control,no,supporting branch or control sample,nonmonotonic_or_filename_sorted,sequence_order_not_sufficient_for_hysteresis_claim,False
2026.4.28CS,corn-starch/PVA/attapulgite/H3PO4,-66,207.15,385.94176,410.7,410.7,manual,-6.0283,6.0283,7.4536754e-05,0.06,1.96,support/control,no,supporting branch or control sample,nonmonotonic_or_filename_sorted,sequence_order_not_sufficient_for_hysteresis_claim,False
2026.4.28CS,corn-starch/PVA/attapulgite/H3PO4,-69,204.15,594.427,609.1,609.1,manual,-2.40896,2.40896,5.0258159e-05,0.06,1.96,support/control,no,supporting branch or control sample,nonmonotonic_or_filename_sorted,sequence_order_not_sufficient_for_hysteresis_claim,False
2026.4.28CS,corn-starch/PVA/attapulgite/H3PO4,-72,201.15,878.625,916,916,manual,-4.08024,4.08024,3.3419481e-05,0.06,1.96,support/control,no,supporting branch or control sample,nonmonotonic_or_filename_sorted,sequence_order_not_sufficient_for_hysteresis_claim,False
2026.4.28CS,corn-starch/PVA/attapulgite/H3PO4,-75,198.15,1440.5601,1434,1434,manual,0.457466,0.457466,2.1347451e-05,0.06,1.96,support/control,no,supporting branch or control sample,nonmonotonic_or_filename_sorted,sequence_order_not_sufficient_for_hysteresis_claim,False
2026.4.28CS,corn-starch/PVA/attapulgite/H3PO4,-78,195.15,3665.3182,3511,3511,manual,4.39528,4.39528,8.7189533e-06,0.06,1.96,support/control,no,supporting branch or control sample,nonmonotonic_or_filename_sorted,sequence_order_not_sufficient_for_hysteresis_claim,False
2026.4.28CS,corn-starch/PVA/attapulgite/H3PO4,-81,192.15,7987.2449,7113,7113,manual,12.2908,12.2908,4.3037038e-06,0.06,1.96,support/control,no,supporting branch or control sample,nonmonotonic_or_filename_sorted,sequence_order_not_sufficient_for_hysteresis_claim,False
2026.4.29CS,LRS/PVA/attapulgite/H3PO4,25,298.15,0.68678046,0.61925,0.61925,manual,10.9052,10.9052,0.016478129,0.02,1.96,screening/exploratory,no,LRS cold-tail or warm-check point outside the current headline claim window,nonmonotonic_or_filename_sorted,sequence_order_not_sufficient_for_hysteresis_claim,False
2026.4.29CS,LRS/PVA/attapulgite/H3PO4,22,295.15,0.5060732,0.45252,0.45252,manual,11.8344,11.8344,0.02254946,0.02,1.96,screening/exploratory,no,LRS cold-tail or warm-check point outside the current headline claim window,nonmonotonic_or_filename_sorted,sequence_order_not_sufficient_for_hysteresis_claim,False
2026.4.29CS,LRS/PVA/attapulgite/H3PO4,18,291.15,0.51588499,0.46052,0.46052,manual,12.0223,12.0223,0.022157738,0.02,1.96,main-text candidate,yes,LRS high-segment window; allowed for bounded Ea and 273/253 K conductivity claims,nonmonotonic_or_filename_sorted,sequence_order_not_sufficient_for_hysteresis_claim,False
2026.4.29CS,LRS/PVA/attapulgite/H3PO4,16,289.15,0.51930041,0.46422,0.46422,manual,11.8652,11.8652,0.021981133,0.02,1.96,main-text candidate,yes,LRS high-segment window; allowed for bounded Ea and 273/253 K conductivity claims,nonmonotonic_or_filename_sorted,sequence_order_not_sufficient_for_hysteresis_claim,False
2026.4.29CS,LRS/PVA/attapulgite/H3PO4,13,286.15,0.53070311,0.4715,0.4715,manual,12.5563,12.5563,0.021641743,0.02,1.96,main-text candidate,yes,LRS high-segment window; allowed for bounded Ea and 273/253 K conductivity claims,nonmonotonic_or_filename_sorted,sequence_order_not_sufficient_for_hysteresis_claim,False
2026.4.29CS,LRS/PVA/attapulgite/H3PO4,10,283.15,0.53273632,0.47368,0.47368,manual,12.4676,12.4676,0.021542142,0.02,1.96,main-text candidate,yes,LRS high-segment window; allowed for bounded Ea and 273/253 K conductivity claims,nonmonotonic_or_filename_sorted,sequence_order_not_sufficient_for_hysteresis_claim,False
2026.4.29CS,LRS/PVA/attapulgite/H3PO4,7,280.15,0.53712176,0.47699,0.47699,manual,12.6065,12.6065,0.021392653,0.02,1.96,main-text candidate,yes,LRS high-segment window; allowed for bounded Ea and 273/253 K conductivity claims,nonmonotonic_or_filename_sorted,sequence_order_not_sufficient_for_hysteresis_claim,False
2026.4.29CS,LRS/PVA/attapulgite/H3PO4,4,277.15,0.54946698,0.48602,0.48602,manual,13.0544,13.0544,0.020995189,0.02,1.96,main-text candidate,yes,LRS high-segment window; allowed for bounded Ea and 273/253 K conductivity claims,nonmonotonic_or_filename_sorted,sequence_order_not_sufficient_for_hysteresis_claim,False
2026.4.29CS,LRS/PVA/attapulgite/H3PO4,1,274.15,0.55422166,0.48993,0.48993,manual,13.1226,13.1226,0.020827632,0.02,1.96,main-text candidate,yes,LRS high-segment window; allowed for bounded Ea and 273/253 K conductivity claims,nonmonotonic_or_filename_sorted,sequence_order_not_sufficient_for_hysteresis_claim,False
2026.4.29CS,LRS/PVA/attapulgite/H3PO4,-2,271.15,0.59974874,0.53131,0.53131,manual,12.8811,12.8811,0.019205514,0.02,1.96,main-text candidate,yes,LRS high-segment window; allowed for bounded Ea and 273/253 K conductivity claims,nonmonotonic_or_filename_sorted,sequence_order_not_sufficient_for_hysteresis_claim,False
2026.4.29CS,LRS/PVA/attapulgite/H3PO4,-5,268.15,0.60881388,0.539,0.539,manual,12.9525,12.9525,0.018931506,0.02,1.96,main-text candidate,yes,LRS high-segment window; allowed for bounded Ea and 273/253 K conductivity claims,nonmonotonic_or_filename_sorted,sequence_order_not_sufficient_for_hysteresis_claim,False
2026.4.29CS,LRS/PVA/attapulgite/H3PO4,-8,265.15,0.6268179,0.55333,0.55333,manual,13.281,13.281,0.018441222,0.02,1.96,main-text candidate,yes,LRS high-segment window; allowed for bounded Ea and 273/253 K conductivity claims,nonmonotonic_or_filename_sorted,sequence_order_not_sufficient_for_hysteresis_claim,False
2026.4.29CS,LRS/PVA/attapulgite/H3PO4,-11,262.15,0.63992564,0.56046,0.56046,manual,14.1786,14.1786,0.018206619,0.02,1.96,main-text candidate,yes,LRS high-segment window; allowed for bounded Ea and 273/253 K conductivity claims,nonmonotonic_or_filename_sorted,sequence_order_not_sufficient_for_hysteresis_claim,False
2026.4.29CS,LRS/PVA/attapulgite/H3PO4,-14,259.15,0.63203772,0.55678,0.55678,manual,13.5166,13.5166,0.018326954,0.02,1.96,main-text candidate,yes,LRS high-segment window; allowed for bounded Ea and 273/253 K conductivity claims,nonmonotonic_or_filename_sorted,sequence_order_not_sufficient_for_hysteresis_claim,False
2026.4.29CS,LRS/PVA/attapulgite/H3PO4,-17,256.15,0.6563945,0.57508,0.57508,manual,14.1397,14.1397,0.01774376,0.02,1.96,main-text candidate,yes,LRS high-segment window; allowed for bounded Ea and 273/253 K conductivity claims,nonmonotonic_or_filename_sorted,sequence_order_not_sufficient_for_hysteresis_claim,False
2026.4.29CS,LRS/PVA/attapulgite/H3PO4,-20,253.15,0.66752345,0.58498,0.58498,manual,14.1105,14.1105,0.017443471,0.02,1.96,main-text candidate,yes,LRS high-segment window; allowed for bounded Ea and 273/253 K conductivity claims,nonmonotonic_or_filename_sorted,sequence_order_not_sufficient_for_hysteresis_claim,False
2026.4.29CS,LRS/PVA/attapulgite/H3PO4,-23,250.15,0.69730308,0.611,0.611,manual,14.1249,14.1249,0.016700625,0.02,1.96,main-text candidate,yes,LRS high-segment window; allowed for bounded Ea and 273/253 K conductivity claims,nonmonotonic_or_filename_sorted,sequence_order_not_sufficient_for_hysteresis_claim,False
2026.4.29CS,LRS/PVA/attapulgite/H3PO4,-26,247.15,0.73635452,0.64595,0.64595,manual,13.9956,13.9956,0.015797015,0.02,1.96,main-text candidate,yes,LRS high-segment window; allowed for bounded Ea and 273/253 K conductivity claims,nonmonotonic_or_filename_sorted,sequence_order_not_sufficient_for_hysteresis_claim,False
2026.4.29CS,LRS/PVA/attapulgite/H3PO4,-29,244.15,0.78181808,0.68689,0.68689,manual,13.82,13.82,0.014855481,0.02,1.96,main-text candidate,yes,LRS high-segment window; allowed for bounded Ea and 273/253 K conductivity claims,nonmonotonic_or_filename_sorted,sequence_order_not_sufficient_for_hysteresis_claim,False
2026.4.29CS,LRS/PVA/attapulgite/H3PO4,-32,241.15,0.81757525,0.72278,0.72278,manual,13.1154,13.1154,0.014117825,0.02,1.96,supplementary candidate,no,LRS 233 K continuity-anchor region; not a headline performance claim,nonmonotonic_or_filename_sorted,sequence_order_not_sufficient_for_hysteresis_claim,False
2026.4.29CS,LRS/PVA/attapulgite/H3PO4,-35,238.15,0.95495102,0.85515,0.85515,manual,11.6706,11.6706,0.011932505,0.02,1.96,supplementary candidate,no,LRS 233 K continuity-anchor region; not a headline performance claim,nonmonotonic_or_filename_sorted,sequence_order_not_sufficient_for_hysteresis_claim,False
2026.4.29CS,LRS/PVA/attapulgite/H3PO4,-38,235.15,1.8025505,1.691,1.691,manual,6.59672,6.59672,0.0060343475,0.02,1.96,supplementary candidate,no,LRS 233 K continuity-anchor region; not a headline performance claim,nonmonotonic_or_filename_sorted,sequence_order_not_sufficient_for_hysteresis_claim,False
2026.4.29CS,LRS/PVA/attapulgite/H3PO4,-41,232.15,2.6844001,2.587,2.587,manual,3.76498,3.76498,0.0039443686,0.02,1.96,supplementary candidate,no,LRS 233 K continuity-anchor region; not a headline performance claim,nonmonotonic_or_filename_sorted,sequence_order_not_sufficient_for_hysteresis_claim,False
2026.4.29CS,LRS/PVA/attapulgite/H3PO4,-44,229.15,4.1417134,4.075,4.075,manual,1.63714,1.63714,0.0025040691,0.02,1.96,supplementary candidate,no,LRS 233 K continuity-anchor region; not a headline performance claim,nonmonotonic_or_filename_sorted,sequence_order_not_sufficient_for_hysteresis_claim,False
2026.4.29CS,LRS/PVA/attapulgite/H3PO4,-47,226.15,7.0991842,7.16,7.16,manual,-0.849383,0.849383,0.0014251511,0.02,1.96,screening/exploratory,no,LRS cold-tail or warm-check point outside the current headline claim window,nonmonotonic_or_filename_sorted,sequence_order_not_sufficient_for_hysteresis_claim,False
2026.4.29CS,LRS/PVA/attapulgite/H3PO4,-50,223.15,11.581883,11.91,11.91,manual,-2.75497,2.75497,0.00085676588,0.02,1.96,screening/exploratory,no,LRS cold-tail or warm-check point outside the current headline claim window,nonmonotonic_or_filename_sorted,sequence_order_not_sufficient_for_hysteresis_claim,False
2026.4.29CS,LRS/PVA/attapulgite/H3PO4,-53,220.15,21.563063,22.58,22.58,manual,-4.50371,4.50371,0.00045190796,0.02,1.96,screening/exploratory,no,LRS cold-tail or warm-check point outside the current headline claim window,nonmonotonic_or_filename_sorted,sequence_order_not_sufficient_for_hysteresis_claim,False
2026.4.29CS,LRS/PVA/attapulgite/H3PO4,-56,217.15,39.202641,41.55,41.55,manual,-5.64948,5.64948,0.0002455856,0.02,1.96,screening/exploratory,no,LRS cold-tail or warm-check point outside the current headline claim window,nonmonotonic_or_filename_sorted,sequence_order_not_sufficient_for_hysteresis_claim,False
2026.4.29CS,LRS/PVA/attapulgite/H3PO4,-59,214.15,78.643709,84.06,84.06,manual,-6.44336,6.44336,0.00012139045,0.02,1.96,screening/exploratory,no,LRS cold-tail or warm-check point outside the current headline claim window,nonmonotonic_or_filename_sorted,sequence_order_not_sufficient_for_hysteresis_claim,False
2026.4.29CS,LRS/PVA/attapulgite/H3PO4,-62,211.15,145.92363,158,158,manual,-7.64327,7.64327,6.4582795e-05,0.02,1.96,screening/exploratory,no,LRS cold-tail or warm-check point outside the current headline claim window,nonmonotonic_or_filename_sorted,sequence_order_not_sufficient_for_hysteresis_claim,False
2026.4.29CS,LRS/PVA/attapulgite/H3PO4,-65,208.15,276.08301,339.1,339.1,manual,-18.5836,18.5836,3.0091659e-05,0.02,1.96,screening/exploratory,no,LRS cold-tail or warm-check point outside the current headline claim window,nonmonotonic_or_filename_sorted,sequence_order_not_sufficient_for_hysteresis_claim,False
2026.4.29CS,LRS/PVA/attapulgite/H3PO4,-68,205.15,594.55499,652.2,652.2,manual,-8.83855,8.83855,1.5645633e-05,0.02,1.96,screening/exploratory,no,LRS cold-tail or warm-check point outside the current headline claim window,nonmonotonic_or_filename_sorted,sequence_order_not_sufficient_for_hysteresis_claim,False
2026.4.29CS,LRS/PVA/attapulgite/H3PO4,-71,202.15,1014.3,1308,1308,manual,-22.4541,22.4541,7.8012857e-06,0.02,1.96,screening/exploratory,no,LRS cold-tail or warm-check point outside the current headline claim window,nonmonotonic_or_filename_sorted,sequence_order_not_sufficient_for_hysteresis_claim,False
2026.4.29CS,LRS/PVA/attapulgite/H3PO4,-74,199.15,2641.8401,5242,5242,manual,-49.6024,49.6024,1.9466008e-06,0.02,1.96,screening/exploratory,no,LRS cold-tail or warm-check point outside the current headline claim window,nonmonotonic_or_filename_sorted,sequence_order_not_sufficient_for_hysteresis_claim,False
2026.4.30CS,chitosan/PVA/attapulgite/H3PO4,18,291.15,2.104181,2.035,2.035,manual,3.39956,3.39956,0.012535727,0.05,1.96,support/control,no,supporting branch or control sample,nonmonotonic_or_filename_sorted,sequence_order_not_sufficient_for_hysteresis_claim,False
2026.4.30CS,chitosan/PVA/attapulgite/H3PO4,15,288.15,2.1267576,2.051,2.051,manual,3.69369,3.69369,0.012437935,0.05,1.96,support/control,no,supporting branch or control sample,nonmonotonic_or_filename_sorted,sequence_order_not_sufficient_for_hysteresis_claim,False
2026.4.30CS,chitosan/PVA/attapulgite/H3PO4,12,285.15,2.1243391,2.049,2.049,manual,3.67687,3.67687,0.012450075,0.05,1.96,support/control,no,supporting branch or control sample,nonmonotonic_or_filename_sorted,sequence_order_not_sufficient_for_hysteresis_claim,False
2026.4.30CS,chitosan/PVA/attapulgite/H3PO4,9,282.15,2.1687558,2.055,2.055,manual,5.53556,5.53556,0.012413725,0.05,1.96,support/control,no,supporting branch or control sample,nonmonotonic_or_filename_sorted,sequence_order_not_sufficient_for_hysteresis_claim,False
2026.4.30CS,chitosan/PVA/attapulgite/H3PO4,6,279.15,1.9849671,1.912,1.912,manual,3.81627,3.81627,0.013342157,0.05,1.96,support/control,no,supporting branch or control sample,nonmonotonic_or_filename_sorted,sequence_order_not_sufficient_for_hysteresis_claim,False
2026.4.30CS,chitosan/PVA/attapulgite/H3PO4,3,276.15,2.1301247,2.046,2.046,manual,4.11167,4.11167,0.01246833,0.05,1.96,support/control,no,supporting branch or control sample,nonmonotonic_or_filename_sorted,sequence_order_not_sufficient_for_hysteresis_claim,False
2026.4.30CS,chitosan/PVA/attapulgite/H3PO4,0,273.15,2.2201751,2.122,2.122,manual,4.62653,4.62653,0.012021774,0.05,1.96,support/control,no,supporting branch or control sample,nonmonotonic_or_filename_sorted,sequence_order_not_sufficient_for_hysteresis_claim,False
2026.4.30CS,chitosan/PVA/attapulgite/H3PO4,-3,270.15,2.2391171,2.139,2.139,manual,4.68056,4.68056,0.011926229,0.05,1.96,support/control,no,supporting branch or control sample,nonmonotonic_or_filename_sorted,sequence_order_not_sufficient_for_hysteresis_claim,False
2026.4.30CS,chitosan/PVA/attapulgite/H3PO4,-6,267.15,2.2333154,2.135,2.135,manual,4.60494,4.60494,0.011948573,0.05,1.96,support/control,no,supporting branch or control sample,nonmonotonic_or_filename_sorted,sequence_order_not_sufficient_for_hysteresis_claim,False
2026.4.30CS,chitosan/PVA/attapulgite/H3PO4,-9,264.15,2.4129111,2.3,2.3,manual,4.90918,4.90918,0.011091393,0.05,1.96,support/control,no,supporting branch or control sample,nonmonotonic_or_filename_sorted,sequence_order_not_sufficient_for_hysteresis_claim,False
2026.4.30CS,chitosan/PVA/attapulgite/H3PO4,-12,261.15,2.4001659,2.295,2.295,manual,4.58239,4.58239,0.011115557,0.05,1.96,support/control,no,supporting branch or control sample,nonmonotonic_or_filename_sorted,sequence_order_not_sufficient_for_hysteresis_claim,False
2026.4.30CS,chitosan/PVA/attapulgite/H3PO4,-15,258.15,2.5792913,2.468,2.468,manual,4.50937,4.50937,0.010336387,0.05,1.96,support/control,no,supporting branch or control sample,nonmonotonic_or_filename_sorted,sequence_order_not_sufficient_for_hysteresis_claim,False
2026.4.30CS,chitosan/PVA/attapulgite/H3PO4,-18,255.15,2.757609,2.63,2.63,manual,4.85205,4.85205,0.0096996974,0.05,1.96,support/control,no,supporting branch or control sample,nonmonotonic_or_filename_sorted,sequence_order_not_sufficient_for_hysteresis_claim,False
2026.4.30CS,chitosan/PVA/attapulgite/H3PO4,-21,252.15,2.9020637,2.777,2.777,manual,4.50355,4.50355,0.0091862456,0.05,1.96,support/control,no,supporting branch or control sample,nonmonotonic_or_filename_sorted,sequence_order_not_sufficient_for_hysteresis_claim,False
2026.4.30CS,chitosan/PVA/attapulgite/H3PO4,-24,249.15,3.2365548,3.091,3.091,manual,4.70899,4.70899,0.0082530586,0.05,1.96,support/control,no,supporting branch or control sample,nonmonotonic_or_filename_sorted,sequence_order_not_sufficient_for_hysteresis_claim,False
2026.4.30CS,chitosan/PVA/attapulgite/H3PO4,-27,246.15,55.043368,40.16,40.16,manual,37.0602,37.0602,0.00063521425,0.05,1.96,support/control,no,supporting branch or control sample,nonmonotonic_or_filename_sorted,sequence_order_not_sufficient_for_hysteresis_claim,False
2026.4.30CS,chitosan/PVA/attapulgite/H3PO4,-30,243.15,172.53201,171.4,171.4,manual,0.660447,0.660447,0.00014883433,0.05,1.96,support/control,no,supporting branch or control sample,nonmonotonic_or_filename_sorted,sequence_order_not_sufficient_for_hysteresis_claim,False
2026.4.30CS,chitosan/PVA/attapulgite/H3PO4,-33,240.15,247.808,241.2,241.2,manual,2.73963,2.73963,0.0001057637,0.05,1.96,support/control,no,supporting branch or control sample,nonmonotonic_or_filename_sorted,sequence_order_not_sufficient_for_hysteresis_claim,False
2026.4.30CS,chitosan/PVA/attapulgite/H3PO4,-36,237.15,373.18899,361.6,361.6,manual,3.20492,3.20492,7.0548131e-05,0.05,1.96,support/control,no,supporting branch or control sample,nonmonotonic_or_filename_sorted,sequence_order_not_sufficient_for_hysteresis_claim,False
2026.4.30CS,chitosan/PVA/attapulgite/H3PO4,-39,234.15,589.68903,565.9,565.9,manual,4.20375,4.20375,4.5078996e-05,0.05,1.96,support/control,no,supporting branch or control sample,nonmonotonic_or_filename_sorted,sequence_order_not_sufficient_for_hysteresis_claim,False
2026.4.30CS,chitosan/PVA/attapulgite/H3PO4,-42,231.15,783.77197,753.4,753.4,manual,4.03132,4.03132,3.3860106e-05,0.05,1.96,support/control,no,supporting branch or control sample,nonmonotonic_or_filename_sorted,sequence_order_not_sufficient_for_hysteresis_claim,False
2026.4.30CS,chitosan/PVA/attapulgite/H3PO4,-45,228.15,1671.76,1671,1671,manual,0.0454823,0.0454823,1.526643e-05,0.05,1.96,support/control,no,supporting branch or control sample,nonmonotonic_or_filename_sorted,sequence_order_not_sufficient_for_hysteresis_claim,False
2026.4.30CS,chitosan/PVA/attapulgite/H3PO4,-48,225.15,2110.78,2141,2141,manual,-1.41149,1.41149,1.1915088e-05,0.05,1.96,support/control,no,supporting branch or control sample,nonmonotonic_or_filename_sorted,sequence_order_not_sufficient_for_hysteresis_claim,False
2026.4.30CS,chitosan/PVA/attapulgite/H3PO4,-51,222.15,2988.25,3027,3027,manual,-1.28015,1.28015,8.4275534e-06,0.05,1.96,support/control,no,supporting branch or control sample,nonmonotonic_or_filename_sorted,sequence_order_not_sufficient_for_hysteresis_claim,False
2026.4.30CS,chitosan/PVA/attapulgite/H3PO4,-54,219.15,4450.8101,4501,4501,manual,-1.11508,1.11508,5.6676748e-06,0.05,1.96,support/control,no,supporting branch or control sample,nonmonotonic_or_filename_sorted,sequence_order_not_sufficient_for_hysteresis_claim,False
2026.4.30CS,chitosan/PVA/attapulgite/H3PO4,-57,216.15,8517.9805,8389,8389,manual,1.5375,1.5375,3.0409112e-06,0.05,1.96,support/control,no,supporting branch or control sample,nonmonotonic_or_filename_sorted,sequence_order_not_sufficient_for_hysteresis_claim,False
2026.4.30CS,chitosan/PVA/attapulgite/H3PO4,-60,213.15,11600.9,11484,11484,manual,1.01794,1.01794,2.2213692e-06,0.05,1.96,support/control,no,supporting branch or control sample,nonmonotonic_or_filename_sorted,sequence_order_not_sufficient_for_hysteresis_claim,False
2026.5.1CS,chitosan/PVA/attapulgite/H3PO4,18,291.15,2.5244937,2.443,2.443,manual,3.3358,3.3358,0.012530596,0.06,1.96,support/control,no,supporting branch or control sample,nonmonotonic_or_filename_sorted,sequence_order_not_sufficient_for_hysteresis_claim,False
2026.5.1CS,chitosan/PVA/attapulgite/H3PO4,15,288.15,2.2307865,2.213,2.213,manual,0.80373,0.80373,0.013832917,0.06,1.96,support/control,no,supporting branch or control sample,nonmonotonic_or_filename_sorted,sequence_order_not_sufficient_for_hysteresis_claim,False
2026.5.1CS,chitosan/PVA/attapulgite/H3PO4,12,285.15,2.2414504,2.218,2.218,manual,1.05728,1.05728,0.013801733,0.06,1.96,support/control,no,supporting branch or control sample,nonmonotonic_or_filename_sorted,sequence_order_not_sufficient_for_hysteresis_claim,False
2026.5.1CS,chitosan/PVA/attapulgite/H3PO4,9,282.15,2.3077283,2.288,2.288,manual,0.862252,0.862252,0.013379478,0.06,1.96,support/control,no,supporting branch or control sample,nonmonotonic_or_filename_sorted,sequence_order_not_sufficient_for_hysteresis_claim,False
2026.5.1CS,chitosan/PVA/attapulgite/H3PO4,6,279.15,2.3653283,2.345,2.345,manual,0.866878,0.866878,0.013054262,0.06,1.96,support/control,no,supporting branch or control sample,nonmonotonic_or_filename_sorted,sequence_order_not_sufficient_for_hysteresis_claim,False
2026.5.1CS,chitosan/PVA/attapulgite/H3PO4,3,276.15,2.4427007,2.42,2.42,manual,0.938043,0.938043,0.012649688,0.06,1.96,support/control,no,supporting branch or control sample,nonmonotonic_or_filename_sorted,sequence_order_not_sufficient_for_hysteresis_claim,False
2026.5.1CS,chitosan/PVA/attapulgite/H3PO4,0,273.15,2.7311844,2.689,2.689,manual,1.56878,1.56878,0.011384249,0.06,1.96,support/control,no,supporting branch or control sample,nonmonotonic_or_filename_sorted,sequence_order_not_sufficient_for_hysteresis_claim,False
2026.5.1CS,chitosan/PVA/attapulgite/H3PO4,-3,270.15,2.6934897,2.663,2.663,manual,1.14494,1.14494,0.011495398,0.06,1.96,support/control,no,supporting branch or control sample,nonmonotonic_or_filename_sorted,sequence_order_not_sufficient_for_hysteresis_claim,False
2026.5.1CS,chitosan/PVA/attapulgite/H3PO4,-6,267.15,2.7808134,2.745,2.745,manual,1.30468,1.30468,0.011152002,0.06,1.96,support/control,no,supporting branch or control sample,nonmonotonic_or_filename_sorted,sequence_order_not_sufficient_for_hysteresis_claim,False
2026.5.1CS,chitosan/PVA/attapulgite/H3PO4,-9,264.15,2.9101236,2.876,2.876,manual,1.1865,1.1865,0.010644035,0.06,1.96,support/control,no,supporting branch or control sample,nonmonotonic_or_filename_sorted,sequence_order_not_sufficient_for_hysteresis_claim,False
2026.5.1CS,chitosan/PVA/attapulgite/H3PO4,-12,261.15,3.0426465,3.008,3.008,manual,1.15181,1.15181,0.010176943,0.06,1.96,support/control,no,supporting branch or control sample,nonmonotonic_or_filename_sorted,sequence_order_not_sufficient_for_hysteresis_claim,False
2026.5.1CS,chitosan/PVA/attapulgite/H3PO4,-15,258.15,3.3745327,3.331,3.331,manual,1.3069,1.3069,0.0091901065,0.06,1.96,support/control,no,supporting branch or control sample,nonmonotonic_or_filename_sorted,sequence_order_not_sufficient_for_hysteresis_claim,False
2026.5.1CS,chitosan/PVA/attapulgite/H3PO4,-18,255.15,3.5862385,3.536,3.536,manual,1.42077,1.42077,0.0086573091,0.06,1.96,support/control,no,supporting branch or control sample,nonmonotonic_or_filename_sorted,sequence_order_not_sufficient_for_hysteresis_claim,False
2026.5.1CS,chitosan/PVA/attapulgite/H3PO4,-21,252.15,3.8260228,3.781,3.781,manual,1.19077,1.19077,0.0080963356,0.06,1.96,support/control,no,supporting branch or control sample,nonmonotonic_or_filename_sorted,sequence_order_not_sufficient_for_hysteresis_claim,False
2026.5.1CS,chitosan/PVA/attapulgite/H3PO4,-24,249.15,4.098503,4.053,4.053,manual,1.1227,1.1227,0.0075529842,0.06,1.96,support/control,no,supporting branch or control sample,nonmonotonic_or_filename_sorted,sequence_order_not_sufficient_for_hysteresis_claim,False
2026.5.1CS,chitosan/PVA/attapulgite/H3PO4,-27,246.15,4.6254024,4.575,4.575,manual,1.10169,1.10169,0.0066912011,0.06,1.96,support/control,no,supporting branch or control sample,nonmonotonic_or_filename_sorted,sequence_order_not_sufficient_for_hysteresis_claim,False
2026.5.1CS,chitosan/PVA/attapulgite/H3PO4,-30,243.15,4.9854593,4.913,4.913,manual,1.47485,1.47485,0.006230866,0.06,1.96,support/control,no,supporting branch or control sample,nonmonotonic_or_filename_sorted,sequence_order_not_sufficient_for_hysteresis_claim,False
2026.5.1CS,chitosan/PVA/attapulgite/H3PO4,-33,240.15,5.5917771,5.427,5.427,manual,3.03625,3.03625,0.0056407306,0.06,1.96,support/control,no,supporting branch or control sample,nonmonotonic_or_filename_sorted,sequence_order_not_sufficient_for_hysteresis_claim,False
2026.5.1CS,chitosan/PVA/attapulgite/H3PO4,-36,237.15,142.11158,164.1,164.1,manual,-13.3994,13.3994,0.00018654628,0.06,1.96,support/control,no,supporting branch or control sample,nonmonotonic_or_filename_sorted,sequence_order_not_sufficient_for_hysteresis_claim,False
2026.5.1CS,chitosan/PVA/attapulgite/H3PO4,-39,234.15,481.718,418.7,418.7,manual,15.0509,15.0509,7.3112598e-05,0.06,1.96,support/control,no,supporting branch or control sample,nonmonotonic_or_filename_sorted,sequence_order_not_sufficient_for_hysteresis_claim,False
2026.5.1CS,chitosan/PVA/attapulgite/H3PO4,-42,231.15,636.04901,626,626,manual,1.60527,1.60527,4.890135e-05,0.06,1.96,support/control,no,supporting branch or control sample,nonmonotonic_or_filename_sorted,sequence_order_not_sufficient_for_hysteresis_claim,False
2026.5.1CS,chitosan/PVA/attapulgite/H3PO4,-45,228.15,1164.37,1138,1138,manual,2.31722,2.31722,2.6900039e-05,0.06,1.96,support/control,no,supporting branch or control sample,nonmonotonic_or_filename_sorted,sequence_order_not_sufficient_for_hysteresis_claim,False
2026.5.1CS,chitosan/PVA/attapulgite/H3PO4,-48,225.15,1420.22,1429,1429,manual,-0.614418,0.614418,2.1422145e-05,0.06,1.96,support/control,no,supporting branch or control sample,nonmonotonic_or_filename_sorted,sequence_order_not_sufficient_for_hysteresis_claim,False
2026.5.1CS,chitosan/PVA/attapulgite/H3PO4,-51,222.15,2132.8799,2153,2153,manual,-0.934515,0.934515,1.4218414e-05,0.06,1.96,support/control,no,supporting branch or control sample,nonmonotonic_or_filename_sorted,sequence_order_not_sufficient_for_hysteresis_claim,False
2026.5.1CS,chitosan/PVA/attapulgite/H3PO4,-54,219.15,3805.1399,3859,3859,manual,-1.3957,1.3957,7.9326885e-06,0.06,1.96,support/control,no,supporting branch or control sample,nonmonotonic_or_filename_sorted,sequence_order_not_sufficient_for_hysteresis_claim,False
2026.5.1CS,chitosan/PVA/attapulgite/H3PO4,-57,216.15,5958.2598,5928,5928,manual,0.510455,0.510455,5.1640089e-06,0.06,1.96,support/control,no,supporting branch or control sample,nonmonotonic_or_filename_sorted,sequence_order_not_sufficient_for_hysteresis_claim,False
2026.5.1CS,chitosan/PVA/attapulgite/H3PO4,-60,213.15,11325.5,11195,11195,manual,1.1657,1.1657,2.7344569e-06,0.06,1.96,support/control,no,supporting branch or control sample,nonmonotonic_or_filename_sorted,sequence_order_not_sufficient_for_hysteresis_claim,False
2026.5.9CS,LRS/PVA/attapulgite/H3PO4,20,293.15,0.63597141,,0.63597141,auto,,,0.017649362,0.022,1.96,main-text candidate,yes,LRS high-segment window; allowed for bounded Ea and 273/253 K conductivity claims,nonmonotonic_or_filename_sorted,sequence_order_not_sufficient_for_hysteresis_claim,True
2026.5.9CS,LRS/PVA/attapulgite/H3PO4,18,291.15,0.56629646,0.5189,0.5189,manual,9.13403,9.13403,0.021631316,0.022,1.96,main-text candidate,yes,LRS high-segment window; allowed for bounded Ea and 273/253 K conductivity claims,nonmonotonic_or_filename_sorted,sequence_order_not_sufficient_for_hysteresis_claim,True
2026.5.9CS,LRS/PVA/attapulgite/H3PO4,15,288.15,0.56874491,0.52217,0.52217,manual,8.91949,8.91949,0.021495853,0.022,1.96,main-text candidate,yes,LRS high-segment window; allowed for bounded Ea and 273/253 K conductivity claims,nonmonotonic_or_filename_sorted,sequence_order_not_sufficient_for_hysteresis_claim,True
2026.5.9CS,LRS/PVA/attapulgite/H3PO4,12,285.15,0.58015905,0.53107,0.53107,manual,9.24342,9.24342,0.021135613,0.022,1.96,main-text candidate,yes,LRS high-segment window; allowed for bounded Ea and 273/253 K conductivity claims,nonmonotonic_or_filename_sorted,sequence_order_not_sufficient_for_hysteresis_claim,True
2026.5.9CS,LRS/PVA/attapulgite/H3PO4,9,282.15,0.58383861,0.53295,0.53295,manual,9.54848,9.54848,0.021061056,0.022,1.96,main-text candidate,yes,LRS high-segment window; allowed for bounded Ea and 273/253 K conductivity claims,nonmonotonic_or_filename_sorted,sequence_order_not_sufficient_for_hysteresis_claim,True
2026.5.9CS,LRS/PVA/attapulgite/H3PO4,6,279.15,0.59433095,0.54062,0.54062,manual,9.93507,9.93507,0.020762254,0.022,1.96,main-text candidate,yes,LRS high-segment window; allowed for bounded Ea and 273/253 K conductivity claims,nonmonotonic_or_filename_sorted,sequence_order_not_sufficient_for_hysteresis_claim,True
2026.5.9CS,LRS/PVA/attapulgite/H3PO4,3,276.15,0.59604265,0.54206,0.54206,manual,9.9588,9.9588,0.020707098,0.022,1.96,main-text candidate,yes,LRS high-segment window; allowed for bounded Ea and 273/253 K conductivity claims,nonmonotonic_or_filename_sorted,sequence_order_not_sufficient_for_hysteresis_claim,True
2026.5.9CS,LRS/PVA/attapulgite/H3PO4,0,273.15,0.6053739,0.54928,0.54928,manual,10.2123,10.2123,0.020434914,0.022,1.96,main-text candidate,yes,LRS high-segment window; allowed for bounded Ea and 273/253 K conductivity claims,nonmonotonic_or_filename_sorted,sequence_order_not_sufficient_for_hysteresis_claim,True
2026.5.9CS,LRS/PVA/attapulgite/H3PO4,-3,270.15,0.61485353,0.55607,0.55607,manual,10.5712,10.5712,0.02018539,0.022,1.96,main-text candidate,yes,LRS high-segment window; allowed for bounded Ea and 273/253 K conductivity claims,nonmonotonic_or_filename_sorted,sequence_order_not_sufficient_for_hysteresis_claim,True
2026.5.9CS,LRS/PVA/attapulgite/H3PO4,-6,267.15,0.61999148,0.55971,0.55971,manual,10.7701,10.7701,0.020054117,0.022,1.96,main-text candidate,yes,LRS high-segment window; allowed for bounded Ea and 273/253 K conductivity claims,nonmonotonic_or_filename_sorted,sequence_order_not_sufficient_for_hysteresis_claim,True
2026.5.9CS,LRS/PVA/attapulgite/H3PO4,-9,264.15,0.62711918,0.56538,0.56538,manual,10.9199,10.9199,0.019853001,0.022,1.96,main-text candidate,yes,LRS high-segment window; allowed for bounded Ea and 273/253 K conductivity claims,nonmonotonic_or_filename_sorted,sequence_order_not_sufficient_for_hysteresis_claim,True
2026.5.9CS,LRS/PVA/attapulgite/H3PO4,-12,261.15,0.65774158,0.59046,0.59046,manual,11.3948,11.3948,0.019009738,0.022,1.96,main-text candidate,yes,LRS high-segment window; allowed for bounded Ea and 273/253 K conductivity claims,nonmonotonic_or_filename_sorted,sequence_order_not_sufficient_for_hysteresis_claim,True
2026.5.9CS,LRS/PVA/attapulgite/H3PO4,-15,258.15,0.67928956,0.60884,0.60884,manual,11.5711,11.5711,0.018435861,0.022,1.96,main-text candidate,yes,LRS high-segment window; allowed for bounded Ea and 273/253 K conductivity claims,nonmonotonic_or_filename_sorted,sequence_order_not_sufficient_for_hysteresis_claim,True
2026.5.9CS,LRS/PVA/attapulgite/H3PO4,-18,255.15,0.70458283,0.6304,0.6304,manual,11.7676,11.7676,0.017805345,0.022,1.96,main-text candidate,yes,LRS high-segment window; allowed for bounded Ea and 273/253 K conductivity claims,nonmonotonic_or_filename_sorted,sequence_order_not_sufficient_for_hysteresis_claim,True
2026.5.9CS,LRS/PVA/attapulgite/H3PO4,-21,252.15,0.71982715,0.64396,0.64396,manual,11.7813,11.7813,0.017430415,0.022,1.96,main-text candidate,yes,LRS high-segment window; allowed for bounded Ea and 273/253 K conductivity claims,nonmonotonic_or_filename_sorted,sequence_order_not_sufficient_for_hysteresis_claim,True
2026.5.9CS,LRS/PVA/attapulgite/H3PO4,-24,249.15,0.73954771,0.66132,0.66132,manual,11.829,11.829,0.016972857,0.022,1.96,main-text candidate,yes,LRS high-segment window; allowed for bounded Ea and 273/253 K conductivity claims,nonmonotonic_or_filename_sorted,sequence_order_not_sufficient_for_hysteresis_claim,True
2026.5.9CS,LRS/PVA/attapulgite/H3PO4,-27,246.15,0.75421386,0.67442,0.67442,manual,11.8315,11.8315,0.016643175,0.022,1.96,main-text candidate,yes,LRS high-segment window; allowed for bounded Ea and 273/253 K conductivity claims,nonmonotonic_or_filename_sorted,sequence_order_not_sufficient_for_hysteresis_claim,True
2026.5.9CS,LRS/PVA/attapulgite/H3PO4,-30,243.15,0.77915782,0.69657,0.69657,manual,11.8564,11.8564,0.016113944,0.022,1.96,main-text candidate,yes,LRS high-segment window; allowed for bounded Ea and 273/253 K conductivity claims,nonmonotonic_or_filename_sorted,sequence_order_not_sufficient_for_hysteresis_claim,True
2026.5.9CS,LRS/PVA/attapulgite/H3PO4,-33,240.15,1.3108615,1.226,1.226,manual,6.92182,6.92182,0.009155375,0.022,1.96,supplementary candidate,no,LRS 233 K continuity-anchor region; not a headline performance claim,nonmonotonic_or_filename_sorted,sequence_order_not_sufficient_for_hysteresis_claim,True
2026.5.9CS,LRS/PVA/attapulgite/H3PO4,-36,237.15,1.9148133,1.879,1.879,manual,1.90598,1.90598,0.0059736508,0.022,1.96,supplementary candidate,no,LRS 233 K continuity-anchor region; not a headline performance claim,nonmonotonic_or_filename_sorted,sequence_order_not_sufficient_for_hysteresis_claim,True
2026.5.9CS,LRS/PVA/attapulgite/H3PO4,-39,234.15,2.7104998,2.763,2.763,manual,-1.90012,1.90012,0.0040624284,0.022,1.96,supplementary candidate,no,LRS 233 K continuity-anchor region; not a headline performance claim,nonmonotonic_or_filename_sorted,sequence_order_not_sufficient_for_hysteresis_claim,True
2026.5.9CS,LRS/PVA/attapulgite/H3PO4,-42,231.15,4.0225304,4.201,4.201,manual,-4.24826,4.24826,0.0026718614,0.022,1.96,supplementary candidate,no,LRS 233 K continuity-anchor region; not a headline performance claim,nonmonotonic_or_filename_sorted,sequence_order_not_sufficient_for_hysteresis_claim,True
2026.5.9CS,LRS/PVA/attapulgite/H3PO4,-45,228.15,7.0815666,7.596,7.596,manual,-6.77242,6.77242,0.0014776843,0.022,1.96,supplementary candidate,no,LRS 233 K continuity-anchor region; not a headline performance claim,nonmonotonic_or_filename_sorted,sequence_order_not_sufficient_for_hysteresis_claim,True
2026.5.9CS,LRS/PVA/attapulgite/H3PO4,-48,225.15,12.370902,13.48,13.48,manual,-8.22773,8.22773,0.00083267728,0.022,1.96,screening/exploratory,no,LRS cold-tail or warm-check point outside the current headline claim window,nonmonotonic_or_filename_sorted,sequence_order_not_sufficient_for_hysteresis_claim,True
2026.5.9CS,LRS/PVA/attapulgite/H3PO4,-51,222.15,20.646129,22.79,22.79,manual,-9.40707,9.40707,0.0004925182,0.022,1.96,screening/exploratory,no,LRS cold-tail or warm-check point outside the current headline claim window,nonmonotonic_or_filename_sorted,sequence_order_not_sufficient_for_hysteresis_claim,True
2026.5.9CS,LRS/PVA/attapulgite/H3PO4,-54,219.15,55.630033,62.07,62.07,manual,-10.3753,10.3753,0.00018083599,0.022,1.96,screening/exploratory,no,LRS cold-tail or warm-check point outside the current headline claim window,nonmonotonic_or_filename_sorted,sequence_order_not_sufficient_for_hysteresis_claim,True
2026.5.9CS,LRS/PVA/attapulgite/H3PO4,-57,216.15,81.683336,91.9,91.9,manual,-11.1172,11.1172,0.00012213808,0.022,1.96,screening/exploratory,no,LRS cold-tail or warm-check point outside the current headline claim window,nonmonotonic_or_filename_sorted,sequence_order_not_sufficient_for_hysteresis_claim,True
2026.5.9CS,LRS/PVA/attapulgite/H3PO4,-60,213.15,139.77538,158.9,158.9,manual,-12.0356,12.0356,7.0638702e-05,0.022,1.96,screening/exploratory,no,LRS cold-tail or warm-check point outside the current headline claim window,nonmonotonic_or_filename_sorted,sequence_order_not_sufficient_for_hysteresis_claim,True
2026.5.9CS,LRS/PVA/attapulgite/H3PO4,-63,210.15,275.38901,346.5,346.5,manual,-20.5227,20.5227,3.239391e-05,0.022,1.96,screening/exploratory,no,LRS cold-tail or warm-check point outside the current headline claim window,nonmonotonic_or_filename_sorted,sequence_order_not_sufficient_for_hysteresis_claim,True
2026.5.9CS,LRS/PVA/attapulgite/H3PO4,-66,207.15,483.802,555.4,555.4,manual,-12.8912,12.8912,2.020974e-05,0.022,1.96,screening/exploratory,no,LRS cold-tail or warm-check point outside the current headline claim window,nonmonotonic_or_filename_sorted,sequence_order_not_sufficient_for_hysteresis_claim,True
2026.5.9CS,LRS/PVA/attapulgite/H3PO4,-69,204.15,759.51501,886.8,886.8,manual,-14.3533,14.3533,1.2657296e-05,0.022,1.96,screening/exploratory,no,LRS cold-tail or warm-check point outside the current headline claim window,nonmonotonic_or_filename_sorted,sequence_order_not_sufficient_for_hysteresis_claim,True
2026.5.9CS,LRS/PVA/attapulgite/H3PO4,-72,201.15,1500.29,1815,1815,manual,-17.3394,17.3394,6.1842919e-06,0.022,1.96,screening/exploratory,no,LRS cold-tail or warm-check point outside the current headline claim window,nonmonotonic_or_filename_sorted,sequence_order_not_sufficient_for_hysteresis_claim,True
2026.5.9CS,LRS/PVA/attapulgite/H3PO4,-75,198.15,2548.75,3273,3273,manual,-22.128,22.128,3.4294194e-06,0.022,1.96,screening/exploratory,no,LRS cold-tail or warm-check point outside the current headline claim window,nonmonotonic_or_filename_sorted,sequence_order_not_sufficient_for_hysteresis_claim,True
2026.5.9CS,LRS/PVA/attapulgite/H3PO4,-78,195.15,477.35599,7420,7420,manual,-93.5666,93.5666,1.5127345e-06,0.022,1.96,screening/exploratory,no,LRS cold-tail or warm-check point outside the current headline claim window,nonmonotonic_or_filename_sorted,sequence_order_not_sufficient_for_hysteresis_claim,True
2026.5.9CS,LRS/PVA/attapulgite/H3PO4,-81,192.15,479.31601,14327,14327,manual,-96.6545,96.6545,7.8345011e-07,0.022,1.96,screening/exploratory,no,LRS cold-tail or warm-check point outside the current headline claim window,nonmonotonic_or_filename_sorted,sequence_order_not_sufficient_for_hysteresis_claim,True
