phase_c_sample_id,branch,purpose,exact_recipe_source,independent_prep_index,target_measurements,min_required_for_claim,claim_role,pre_lab_status,notes
PC-LRS-01,LRS-positive,positive reproducibility branch,human_fill_from_lab_notebook,1,EIS_cooling;EIS_heating_back;manual_Rb;KK;leakage,>=3 independent positive preps,conductivity_claim_candidate,not_started,Fill exact composition geometry and conditioning before lab work
PC-LRS-02,LRS-positive,positive reproducibility branch,human_fill_from_lab_notebook,2,EIS_cooling;EIS_heating_back;manual_Rb;KK;leakage,>=3 independent positive preps,conductivity_claim_candidate,not_started,Independent physical preparation not a repeat scan
PC-LRS-03,LRS-positive,positive reproducibility branch,human_fill_from_lab_notebook,3,EIS_cooling;EIS_heating_back;manual_Rb;KK;leakage,>=3 independent positive preps,conductivity_claim_candidate,not_started,Required for reproducibility claim
PC-CHITO-01,CHITO-boundary,boundary contrast and possible path-collapse support,human_fill_from_lab_notebook,1,EIS_cooling;EIS_heating_back;manual_Rb;KK;DSC;FTIR_or_Raman,>=2 boundary preps if mechanism claimed,boundary_mechanism_support,not_started,Mechanism requires non-EIS support
PC-CHITO-02,CHITO-boundary,boundary contrast and possible path-collapse support,human_fill_from_lab_notebook,2,EIS_cooling;manual_Rb;KK;DSC;FTIR_or_Raman,>=2 boundary preps if mechanism claimed,boundary_mechanism_support,not_started,Heating-back preferred if resources allow
PC-S09-01,S09-evidence-based-v2,prospective v2 candidate from opt-in S09 output,human_fill_after_candidate_selection,1,EIS_screening;manual_Rb;KK,screen first then repeat if promising,v2_hypothesis_only,not_started,Not a discovery claim until repeated and gated
PC-S09-02,S09-evidence-based-v2,prospective v2 candidate replicate if PC-S09-01 passes,human_fill_after_candidate_selection,2,EIS_cooling;manual_Rb;KK;leakage,>=3 if promoted to claim,v2_hypothesis_only,not_started,Do not run unless first screen is promising
PC-CTRL-01,matrix-control,control for matrix or polymer contribution,human_fill_from_lab_notebook,1,EIS_cooling;manual_Rb;KK;leakage,control only,QC_control,not_started,No positive claim role
PC-CTRL-02,acid-clay-or-blank-control,control for background leakage and fitting artefacts,human_fill_from_lab_notebook,1,EIS_cooling;manual_Rb;KK;leakage,control only,QC_control,not_started,No positive claim role
