row_id,sample_id,valid_sigma,valid_temperature,valid_geometry,valid_eis,flags
0,S8-2-1-1,True,True,True,True,[]
1,S8-2-1-1,True,True,True,True,[]
2,S8-2-1-1,True,True,True,True,[]
3,S8-2-1-1,True,True,True,True,[]
4,S8-2-1-1,True,True,True,True,[]
5,S8-2-1-1,True,True,True,True,[]
6,S8-2-1-1,True,True,True,True,[]
7,S8-2-1-1,True,True,True,True,[]
8,S8-2-1-1,True,True,True,True,[]
9,S8-2-1-1,True,True,True,True,[]
10,S8-2-1-1,True,True,True,True,[]
11,S8-2-1-1,True,True,True,True,[]
12,S8-2-1-1,True,True,True,True,[]
13,S8-2-1-2,True,True,True,True,[]
14,S8-2-1-2,True,True,True,True,[]
15,S8-2-1-2,True,True,True,True,[]
16,S8-2-1-2,True,True,True,True,[]
17,S8-2-1-2,True,True,True,True,[]
18,S8-2-1-2,True,True,True,True,[]
19,S8-2-1-2,True,True,True,True,[]
20,S8-2-1-2,True,True,True,True,[]
21,S8-2-1-2,True,True,True,True,[]
22,S8-2-1-2,True,True,True,True,[]
23,S8-2-1-2,True,True,True,True,[]
24,S8-2-1-2,True,True,True,True,[]
25,S8-2-1-2,True,True,True,True,[]
26,S8-2-2-1,True,True,True,True,[]
27,S8-2-2-1,True,True,True,True,[]
28,S8-2-2-1,True,True,True,True,[]
29,S8-2-2-1,True,True,True,True,[]
30,S8-2-2-1,True,True,True,True,[]
31,S8-2-2-1,True,True,True,True,[]
32,S8-2-2-1,True,True,True,True,[]
33,S8-2-2-1,True,True,True,True,[]
34,S8-2-2-1,True,True,True,True,[]
35,S8-2-2-1,True,True,True,True,[]
36,S8-2-2-1,True,True,True,True,[]
37,S8-2-2-1,True,True,True,True,[]
38,S8-2-2-2,True,True,True,True,[]
39,S8-2-2-2,True,True,True,True,[]
40,S8-2-2-2,True,True,True,True,[]
41,S8-2-2-2,True,True,True,True,[]
42,S8-2-2-2,True,True,True,True,[]
43,S8-2-2-2,True,True,True,True,[]
44,S8-2-2-2,True,True,True,True,[]
45,S8-2-2-2,True,True,True,True,[]
46,S8-2-2-2,True,True,True,True,[]
47,S8-2-2-2,True,True,True,True,[]
48,S8-2-2-2,True,True,True,True,[]
49,S8-3-1-1,True,True,True,True,[]
50,S8-3-1-1,True,True,True,True,[]
51,S8-3-1-1,True,True,True,True,[]
52,S8-3-1-1,True,True,True,True,[]
53,S8-3-1-1,True,True,True,True,[]
54,S8-3-1-1,True,True,True,True,[]
55,S8-3-1-1,True,True,True,True,[]
56,S8-3-1-1,True,True,True,True,[]
57,S8-3-1-1,True,True,True,True,[]
58,S8-3-1-1,True,True,True,True,[]
59,S8-3-1-1,True,True,True,True,[]
60,S8-3-1-1,True,True,True,True,[]
61,S8-3-1-1,True,True,True,True,[]
62,S8-3-1-1,True,True,True,True,[]
63,S8-3-1-2,True,True,True,True,[]
64,S8-3-1-2,True,True,True,True,[]
65,S8-3-1-2,True,True,True,True,[]
66,S8-3-1-2,True,True,True,True,[]
67,S8-3-1-2,True,True,True,True,[]
68,S8-3-1-2,True,True,True,True,[]
69,S8-3-1-2,True,True,True,True,[]
70,S8-3-1-2,True,True,True,True,[]
71,S8-3-1-2,True,True,True,True,[]
72,S8-3-1-2,True,True,True,True,[]
73,S8-3-1-2,True,True,True,True,[]
74,S8-3-1-2,True,True,True,True,[]
75,S8-3-1-2,True,True,True,True,[]
76,S8-3-1-2,True,True,True,True,[]
77,S8-3-1-2,True,True,True,True,[]
78,S8-3-1-2,True,True,True,True,[]
79,S8-3-1-2,True,True,True,True,[]
80,S8-3-1-2,True,True,True,True,[]
81,S8-3-1-2,True,True,True,True,[]
82,S8-3-1-2,True,True,True,True,[]
83,S8-3-1-2,True,True,True,True,[]
84,S8-3-1-2,True,True,True,True,[]
85,S8-3-1-2,True,True,True,True,[]
86,S8-3-1-2,True,True,True,True,[]
87,S8-3-1-2,True,True,True,True,[]
88,S8-3-1-2,True,True,True,True,[]
89,S8-3-1-2,True,True,True,True,[]
90,S8-3-1-2,True,True,True,True,[]
91,S8-3-1-2,True,True,True,True,[]
92,S8-3-1-2,True,True,True,True,[]
93,S8-3-10-1,True,True,True,True,[]
94,S8-3-10-1,True,True,True,True,[]
95,S8-3-10-1,True,True,True,True,[]
96,S8-3-10-1,True,True,True,True,[]
97,S8-3-10-1,True,True,True,True,[]
98,S8-3-10-1,True,True,True,True,[]
99,S8-3-10-1,True,True,True,True,[]
100,S8-3-10-1,True,True,True,True,[]
101,S8-3-10-1,True,True,True,True,[]
102,S8-3-10-1,True,True,True,True,[]
103,S8-3-10-1,True,True,True,True,[]
104,S8-3-10-1,True,True,True,True,[]
105,S8-3-10-1,True,True,True,True,[]
106,S8-3-10-1,True,True,True,True,[]
107,S8-3-10-1,True,True,True,True,[]
108,S8-3-10-1,True,True,True,True,[]
109,S8-3-10-1,True,True,True,True,[]
110,S8-3-10-1,True,True,True,True,[]
111,S8-3-10-1,True,True,True,True,[]
112,S8-3-10-1,True,True,True,True,[]
113,S8-3-10-1,True,True,True,True,[]
114,S8-3-10-1,True,True,True,True,[]
115,S8-3-10-1,True,True,True,True,[]
116,S8-3-10-1,True,True,True,True,[]
117,S8-3-10-1,True,True,True,True,[]
118,S8-3-10-1,True,True,True,True,[]
119,S8-3-10-1,True,True,True,True,[]
120,S8-3-10-1,True,True,True,True,[]
121,S8-3-10-1,True,True,True,True,[]
122,S8-3-10-1,True,True,True,True,[]
123,S8-3-10-1,True,True,True,True,[]
124,S8-3-10-1,True,True,True,True,[]
125,S8-3-10-1,True,True,True,True,[]
126,S8-3-10-1,True,True,True,True,[]
127,S8-3-10-1,True,True,True,True,[]
128,S8-3-10-1,True,True,True,True,[]
129,S8-3-10-1,True,True,True,True,[]
130,S8-3-10-1,True,True,True,True,[]
131,S8-3-10-1,True,True,True,True,[]
132,S8-3-11-1,True,True,True,True,[]
133,S8-3-11-1,True,True,True,True,[]
134,S8-3-11-1,True,True,True,True,[]
135,S8-3-11-1,True,True,True,True,[]
136,S8-3-11-1,True,True,True,True,[]
137,S8-3-11-1,True,True,True,True,[]
138,S8-3-11-1,True,True,True,True,[]
139,S8-3-11-1,True,True,True,True,[]
140,S8-3-11-1,True,True,True,True,[]
141,S8-3-11-1,True,True,True,True,[]
142,S8-3-11-1,True,True,True,True,[]
143,S8-3-11-1,True,True,True,True,[]
144,S8-3-11-1,True,True,True,True,[]
145,S8-3-11-1,True,True,True,True,[]
146,S8-3-11-1,True,True,True,True,[]
147,S8-3-11-1,True,True,True,True,[]
148,S8-3-11-1,True,True,True,True,[]
149,S8-3-11-1,True,True,True,True,[]
150,S8-3-11-1,True,True,True,True,[]
151,S8-3-11-1,True,True,True,True,[]
152,S8-3-11-1,True,True,True,True,[]
153,S8-3-11-1,True,True,True,True,[]
154,S8-3-11-1,True,True,True,True,[]
155,S8-3-11-1,True,True,True,True,[]
156,S8-3-11-1,True,True,True,True,[]
157,S8-3-11-1,True,True,True,True,[]
158,S8-3-11-1,True,True,True,True,[]
159,S8-3-11-1,True,True,True,True,[]
160,S8-3-11-1,True,True,True,True,[]
161,S8-3-11-1,True,True,True,True,[]
162,S8-3-11-1,True,True,True,True,[]
163,S8-3-11-1,True,True,True,True,[]
164,S8-3-11-1,True,True,True,True,[]
165,S8-3-11-1,True,True,True,True,[]
166,S8-3-11-1,True,True,True,True,[]
167,S8-3-11-1,True,True,True,True,[]
168,S8-3-11-1,True,True,True,True,[]
169,S8-3-11-1,True,True,True,True,[]
170,S8-3-11-1,True,True,True,True,[]
171,S8-3-11-1,True,True,True,True,[]
172,S8-3-11-1,True,True,True,True,[]
173,S8-3-11-1,True,True,True,True,[]
174,S8-3-11-1,True,True,True,True,[]
175,S8-3-11-1,True,True,True,True,[]
176,S8-3-11-1,True,True,True,True,[]
177,S8-3-11-1,True,True,True,True,[]
178,S8-3-11-1,True,True,True,True,[]
179,S8-3-11-1,True,True,True,True,[]
180,S8-3-11-1,True,True,True,True,[]
181,S8-3-11-1,True,True,True,True,[]
182,S8-3-11-1,True,True,True,True,[]
183,S8-3-11-1,True,True,True,True,[]
184,S8-3-11-1,True,True,True,True,[]
185,S8-3-11-1,True,True,True,True,[]
186,S8-3-11-1,True,True,True,True,[]
187,S8-3-11-1,True,True,True,True,[]
188,S8-3-11-1,True,True,True,True,[]
189,S8-3-11-1,True,True,True,True,[]
190,S8-3-11-1,True,True,True,True,[]
191,S8-3-11-1,True,True,True,True,[]
192,S8-3-11-1,True,True,True,True,[]
193,S8-3-11-1,True,True,True,True,[]
194,S8-3-11-1,True,True,True,True,[]
195,S8-3-11-1,True,True,True,True,[]
196,S8-3-11-1,True,True,True,True,[]
197,S8-3-11-1,True,True,True,True,[]
198,S8-3-11-1,True,True,True,True,[]
199,S8-3-11-1,True,True,True,True,[]
200,S8-3-11-1,True,True,True,True,[]
201,S8-3-11-1,True,True,True,True,[]
202,S8-3-11-1,True,True,True,True,[]
203,S8-3-11-1,True,True,True,True,[]
204,S8-3-11-1,True,True,True,True,[]
205,S8-3-11-1,True,True,True,True,[]
206,S8-3-11-1,True,True,True,True,[]
207,S8-3-11-1,True,True,True,True,[]
208,S8-3-11-1,True,True,True,True,[]
209,S8-3-11-1,True,True,True,True,[]
210,S8-3-11-1,True,True,True,True,[]
211,S8-3-11-1,True,True,True,True,[]
212,S8-3-11-1,True,True,True,True,[]
213,S8-3-11-1,True,True,True,True,[]
214,S8-3-11-1,True,True,True,True,[]
215,S8-3-11-1,True,True,True,True,[]
216,S8-3-11-1,True,True,True,True,[]
217,S8-3-11-1,True,True,True,True,[]
218,S8-3-11-1,True,True,True,True,[]
219,S8-3-11-1,True,True,True,True,[]
220,S8-3-11-1,True,True,True,True,[]
221,S8-3-11-1,True,True,True,True,[]
222,S8-3-11-1,True,True,True,True,[]
223,S8-3-11-1,True,True,True,True,[]
224,S8-3-11-1,True,True,True,True,[]
225,S8-3-11-1,True,True,True,True,[]
226,S8-3-11-1,True,True,True,True,[]
227,S8-3-11-1,True,True,True,True,[]
228,S8-3-11-1,True,True,True,True,[]
229,S8-3-11-1,True,True,True,True,[]
230,S8-3-11-2,True,True,True,True,[]
231,S8-3-11-2,True,True,True,True,[]
232,S8-3-11-2,True,True,True,True,[]
233,S8-3-11-2,True,True,True,True,[]
234,S8-3-11-2,True,True,True,True,[]
235,S8-3-11-2,True,True,True,True,[]
236,S8-3-11-2,True,True,True,True,[]
237,S8-3-11-2,True,True,True,True,[]
238,S8-3-11-2,True,True,True,True,[]
239,S8-3-11-2,True,True,True,True,[]
240,S8-3-11-2,True,True,True,True,[]
241,S8-3-11-2,True,True,True,True,[]
242,S8-3-11-2,True,True,True,True,[]
243,S8-3-11-2,True,True,True,True,[]
244,S8-3-11-2,True,True,True,True,[]
245,S8-3-11-2,True,True,True,True,[]
246,S8-3-11-2,True,True,True,True,[]
247,S8-3-11-2,True,True,True,True,[]
248,S8-3-11-2,True,True,True,True,[]
249,S8-3-11-2,True,True,True,True,[]
250,S8-3-11-2,True,True,True,True,[]
251,S8-3-11-2,True,True,True,True,[]
252,S8-3-11-2,True,True,True,True,[]
253,S8-3-11-2,True,True,True,True,[]
254,S8-3-11-2,True,True,True,True,[]
255,S8-3-11-2,True,True,True,True,[]
256,S8-3-11-2,True,True,True,True,[]
257,S8-3-11-2,True,True,True,True,[]
258,S8-3-11-2,True,True,True,True,[]
259,S8-3-11-2,True,True,True,True,[]
260,S8-3-11-2,True,True,True,True,[]
261,S8-3-11-2,True,True,True,True,[]
262,S8-3-11-2,True,True,True,True,[]
263,S8-3-11-2,True,True,True,True,[]
264,S8-3-11-2,True,True,True,True,[]
265,S8-3-11-2,True,True,True,True,[]
266,S8-3-11-2,True,True,True,True,[]
267,S8-3-11-2,True,True,True,True,[]
268,S8-3-11-2,True,True,True,True,[]
269,S8-3-11-2,True,True,True,True,[]
270,S8-3-11-2,True,True,True,True,[]
271,S8-3-2-1,True,True,True,True,[]
272,S8-3-2-1,True,True,True,True,[]
273,S8-3-2-1,True,True,True,True,[]
274,S8-3-2-1,True,True,True,True,[]
275,S8-3-2-1,True,True,True,True,[]
276,S8-3-2-1,True,True,True,True,[]
277,S8-3-2-1,True,True,True,True,[]
278,S8-3-2-1,True,True,True,True,[]
279,S8-3-2-1,True,True,True,True,[]
280,S8-3-2-1,True,True,True,True,[]
281,S8-3-2-1,True,True,True,True,[]
282,S8-3-2-1,True,True,True,True,[]
283,S8-3-2-1,True,True,True,True,[]
284,S8-3-2-1,True,True,True,True,[]
285,S8-3-2-1,True,True,True,True,[]
286,S8-3-2-1,True,True,True,True,[]
287,S8-3-2-1,True,True,True,True,[]
288,S8-3-2-1,True,True,True,True,[]
289,S8-3-2-1,True,True,True,True,[]
290,S8-3-2-1,True,True,True,True,[]
291,S8-3-2-1,True,True,True,True,[]
292,S8-3-2-1,True,True,True,True,[]
293,S8-3-2-1,True,True,True,True,[]
294,S8-3-2-1,True,True,True,True,[]
295,S8-3-2-1,True,True,True,True,[]
296,S8-3-2-1,True,True,True,True,[]
297,S8-3-2-1,True,True,True,True,[]
298,S8-3-2-1,True,True,True,True,[]
299,S8-3-2-1,True,True,True,True,[]
300,S8-3-2-1,True,True,True,True,[]
301,S8-3-2-1,True,True,True,True,[]
302,S8-3-2-1,True,True,True,True,[]
303,S8-3-2-1,True,True,True,True,[]
304,S8-3-2-2,True,True,True,True,[]
305,S8-3-2-2,True,True,True,True,[]
306,S8-3-2-2,True,True,True,True,[]
307,S8-3-2-2,True,True,True,True,[]
308,S8-3-2-2,True,True,True,True,[]
309,S8-3-2-2,True,True,True,True,[]
310,S8-3-2-2,True,True,True,True,[]
311,S8-3-2-2,True,True,True,True,[]
312,S8-3-2-2,True,True,True,True,[]
313,S8-3-2-2,True,True,True,True,[]
314,S8-3-2-2,True,True,True,True,[]
315,S8-3-2-2,True,True,True,True,[]
316,S8-3-2-2,True,True,True,True,[]
317,S8-3-2-2,True,True,True,True,[]
318,S8-3-2-2,True,True,True,True,[]
319,S8-3-2-2,True,True,True,True,[]
320,S8-3-2-2,True,True,True,True,[]
321,S8-3-2-2,True,True,True,True,[]
322,S8-3-2-2,True,True,True,True,[]
323,S8-3-2-3,True,True,True,True,[]
324,S8-3-2-3,True,True,True,True,[]
325,S8-3-2-3,True,True,True,True,[]
326,S8-3-2-3,True,True,True,True,[]
327,S8-3-2-3,True,True,True,True,[]
328,S8-3-2-3,True,True,True,True,[]
329,S8-3-2-3,True,True,True,True,[]
330,S8-3-2-3,True,True,True,True,[]
331,S8-3-2-3,True,True,True,True,[]
332,S8-3-2-3,True,True,True,True,[]
333,S8-3-2-3,True,True,True,True,[]
334,S8-3-2-3,True,True,True,True,[]
335,S8-3-2-3,True,True,True,True,[]
336,S8-3-2-4,True,True,True,True,[]
337,S8-3-2-4,True,True,True,True,[]
338,S8-3-2-4,True,True,True,True,[]
339,S8-3-2-4,True,True,True,True,[]
340,S8-3-2-4,True,True,True,True,[]
341,S8-3-2-4,True,True,True,True,[]
342,S8-3-2-4,True,True,True,True,[]
343,S8-3-2-4,True,True,True,True,[]
344,S8-3-2-4,True,True,True,True,[]
345,S8-3-2-4,True,True,True,True,[]
346,S8-3-2-4,True,True,True,True,[]
347,S8-3-2-4,True,True,True,True,[]
348,S8-3-2-5,True,True,True,True,[]
349,S8-3-2-5,True,True,True,True,[]
350,S8-3-2-5,True,True,True,True,[]
351,S8-3-2-5,True,True,True,True,[]
352,S8-3-2-5,True,True,True,True,[]
353,S8-3-2-5,True,True,True,True,[]
354,S8-3-2-5,True,True,True,True,[]
355,S8-3-2-5,True,True,True,True,[]
356,S8-3-2-5,True,True,True,True,[]
357,S8-3-2-5,True,True,True,True,[]
358,S8-3-2-5,True,True,True,True,[]
359,S8-3-2-5,True,True,True,True,[]
360,S8-3-2-5,True,True,True,True,[]
361,S8-3-20-1-1,True,True,True,True,[]
362,S8-3-20-1-1,True,True,True,True,[]
363,S8-3-20-1-1,True,True,True,True,[]
364,S8-3-20-1-1,True,True,True,True,[]
365,S8-3-20-1-1,True,True,True,True,[]
366,S8-3-20-1-1,True,True,True,True,[]
367,S8-3-20-1-1,True,True,True,True,[]
368,S8-3-20-1-1,True,True,True,True,[]
369,S8-3-20-1-1,True,True,True,True,[]
370,S8-3-20-1-1,True,True,True,True,[]
371,S8-3-20-1-1,True,True,True,True,[]
372,S8-3-20-1-1,True,True,True,True,[]
373,S8-3-20-1-1,True,True,True,True,[]
374,S8-3-20-1-1,True,True,True,True,[]
375,S8-3-20-1-1,True,True,True,True,[]
376,S8-3-20-1-1,True,True,True,True,[]
377,S8-3-20-1-1,True,True,True,True,[]
378,S8-3-20-1-1,True,True,True,True,[]
379,S8-3-20-1-1,True,True,True,True,[]
380,S8-3-20-1-1,True,True,True,True,[]
381,S8-3-20-1-1,True,True,True,True,[]
382,S8-3-20-1-1,True,True,True,True,[]
383,S8-3-20-1-1,True,True,True,True,[]
384,S8-3-20-1-1,True,True,True,True,[]
385,S8-3-20-1-1,True,True,True,True,[]
386,S8-3-20-1-1,True,True,True,True,[]
387,S8-3-20-1-1,True,True,True,True,[]
388,S8-3-20-1-1,True,True,True,True,[]
389,S8-3-20-1-1,True,True,True,True,[]
390,S8-3-20-1-1,True,True,True,True,[]
391,S8-3-20-1-1,True,True,True,True,[]
392,S8-3-20-1-1,True,True,True,True,[]
393,S8-3-20-1-1,True,True,True,True,[]
394,S8-3-20-1-1,True,True,True,True,[]
395,S8-3-20-1-1,True,True,True,True,[]
396,S8-3-20-1-1,True,True,True,True,[]
397,S8-3-20-1-1,True,True,True,True,[]
398,S8-3-20-1-1,True,True,True,True,[]
399,S8-3-20-1-1,True,True,True,True,[]
400,S8-3-21-1-1,True,True,True,True,[]
401,S8-3-21-1-1,True,True,True,True,[]
402,S8-3-21-1-1,True,True,True,True,[]
403,S8-3-21-1-1,True,True,True,True,[]
404,S8-3-21-1-1,True,True,True,True,[]
405,S8-3-21-1-1,True,True,True,True,[]
406,S8-3-21-1-1,True,True,True,True,[]
407,S8-3-21-1-1,True,True,True,True,[]
408,S8-3-21-1-1,True,True,True,True,[]
409,S8-3-21-1-1,True,True,True,True,[]
410,S8-3-21-1-1,True,True,True,True,[]
411,S8-3-21-1-1,True,True,True,True,[]
412,S8-3-21-1-1,True,True,True,True,[]
413,S8-3-21-1-1,True,True,True,True,[]
414,S8-3-21-1-1,True,True,True,True,[]
415,S8-3-21-1-1,True,True,True,True,[]
416,S8-3-21-1-1,True,True,True,True,[]
417,S8-3-21-1-1,True,True,True,True,[]
418,S8-3-21-1-1,True,True,True,True,[]
419,S8-3-21-1-1,True,True,True,True,[]
420,S8-3-21-1-1,True,True,True,True,[]
421,S8-3-21-1-1,True,True,True,True,[]
422,S8-3-21-1-1,True,True,True,True,[]
423,S8-3-21-1-1,True,True,True,True,[]
424,S8-3-21-1-1,True,True,True,True,[]
425,S8-3-21-1-1,True,True,True,True,[]
426,S8-3-21-1-1,True,True,True,True,[]
427,S8-3-21-1-1,True,True,True,True,[]
428,S8-3-21-1-1,True,True,True,True,[]
429,S8-3-21-1-1,True,True,True,True,[]
430,S8-3-21-1-1,True,True,True,True,[]
431,S8-3-21-1-1,True,True,True,True,[]
432,S8-3-21-1-1,True,True,True,True,[]
433,S8-3-21-1-1,True,True,True,True,[]
434,S8-3-21-1-1,True,True,True,True,[]
435,S8-3-21-1-1,True,True,True,True,[]
436,S8-3-22-1-1,True,True,True,True,[]
437,S8-3-22-1-1,True,True,True,True,[]
438,S8-3-22-1-1,True,True,True,True,[]
439,S8-3-22-1-1,True,True,True,True,[]
440,S8-3-22-1-1,True,True,True,True,[]
441,S8-3-22-1-1,True,True,True,True,[]
442,S8-3-22-1-1,True,True,True,True,[]
443,S8-3-22-1-1,True,True,True,True,[]
444,S8-3-22-1-1,True,True,True,True,[]
445,S8-3-22-1-1,True,True,True,True,[]
446,S8-3-22-1-1,True,True,True,True,[]
447,S8-3-22-1-1,True,True,True,True,[]
448,S8-3-22-1-1,True,True,True,True,[]
449,S8-3-22-1-1,True,True,True,True,[]
450,S8-3-22-1-1,True,True,True,True,[]
451,S8-3-22-1-1,True,True,True,True,[]
452,S8-3-22-1-1,True,True,True,True,[]
453,S8-3-22-1-1,True,True,True,True,[]
454,S8-3-22-1-1,True,True,True,True,[]
455,S8-3-22-1-1,True,True,True,True,[]
456,S8-3-22-1-1,True,True,True,True,[]
457,S8-3-22-1-1,True,True,True,True,[]
458,S8-3-22-1-1,True,True,True,True,[]
459,S8-3-22-1-1,True,True,True,True,[]
460,S8-3-22-1-1,True,True,True,True,[]
461,S8-3-22-1-1,True,True,True,True,[]
462,S8-3-22-1-1,True,True,True,True,[]
463,S8-3-22-1-1,True,True,True,True,[]
464,S8-3-22-1-1,True,True,True,True,[]
465,S8-3-22-1-1,True,True,True,True,[]
466,S8-3-22-1-1,True,True,True,True,[]
467,S8-3-22-1-1,True,True,True,True,[]
468,S8-3-22-1-1,True,True,True,True,[]
469,S8-3-22-1-1,True,True,True,True,[]
470,S8-3-22-1-1,True,True,True,True,[]
471,S8-3-22-1-1,True,True,True,True,[]
472,S8-3-23-2-1,True,True,True,True,[]
473,S8-3-23-2-1,True,True,True,True,[]
474,S8-3-23-2-1,True,True,True,True,[]
475,S8-3-23-2-1,True,True,True,True,[]
476,S8-3-23-2-1,True,True,True,True,[]
477,S8-3-23-2-1,True,True,True,True,[]
478,S8-3-23-2-1,True,True,True,True,[]
479,S8-3-23-2-1,True,True,True,True,[]
480,S8-3-23-2-1,True,True,True,True,[]
481,S8-3-23-2-1,True,True,True,True,[]
482,S8-3-23-2-1,True,True,True,True,[]
483,S8-3-23-2-1,True,True,True,True,[]
484,S8-3-23-2-1,True,True,True,True,[]
485,S8-3-23-2-1,True,True,True,True,[]
486,S8-3-23-2-1,True,True,True,True,[]
487,S8-3-23-2-1,True,True,True,True,[]
488,S8-3-23-2-1,True,True,True,True,[]
489,S8-3-23-2-1,True,True,True,True,[]
490,S8-3-23-2-1,True,True,True,True,[]
491,S8-3-23-2-1,True,True,True,True,[]
492,S8-3-23-2-1,True,True,True,True,[]
493,S8-3-23-2-1,True,True,True,True,[]
494,S8-3-23-2-1,True,True,True,True,[]
495,S8-3-23-2-1,True,True,True,True,[]
496,S8-3-23-2-1,True,True,True,True,[]
497,S8-3-23-2-1,True,True,True,True,[]
498,S8-3-23-2-1,True,True,True,True,[]
499,S8-3-23-2-1,True,True,True,True,[]
500,S8-3-25-1-1,True,True,True,True,[]
501,S8-3-25-1-1,True,True,True,True,[]
502,S8-3-25-1-1,True,True,True,True,[]
503,S8-3-25-1-1,True,True,True,True,[]
504,S8-3-25-1-1,True,True,True,True,[]
505,S8-3-25-1-1,True,True,True,True,[]
506,S8-3-25-1-1,True,True,True,True,[]
507,S8-3-25-1-1,True,True,True,True,[]
508,S8-3-25-1-1,True,True,True,True,[]
509,S8-3-25-1-1,True,True,True,True,[]
510,S8-3-25-1-1,True,True,True,True,[]
511,S8-3-25-1-1,True,True,True,True,[]
512,S8-3-25-1-1,True,True,True,True,[]
513,S8-3-25-1-1,True,True,True,True,[]
514,S8-3-25-1-1,True,True,True,True,[]
515,S8-3-25-1-1,True,True,True,True,[]
516,S8-3-25-1-1,True,True,True,True,[]
517,S8-3-25-1-1,True,True,True,True,[]
518,S8-3-25-1-1,True,True,True,True,[]
519,S8-3-25-1-1,True,True,True,True,[]
520,S8-3-25-1-1,True,True,True,True,[]
521,S8-3-25-1-1,True,True,True,True,[]
522,S8-3-25-1-1,True,True,True,True,[]
523,S8-3-25-1-1,True,True,True,True,[]
524,S8-3-25-1-1,True,True,True,True,[]
525,S8-3-25-1-1,True,True,True,True,[]
526,S8-3-25-1-1,True,True,True,True,[]
527,S8-3-25-1-1,True,True,True,True,[]
528,S8-3-25-1-1,True,True,True,True,[]
529,S8-3-25-1-1,True,True,True,True,[]
530,S8-3-25-1-1,True,True,True,True,[]
531,S8-3-25-1-1,True,True,True,True,[]
532,S8-3-25-1-1,True,True,True,True,[]
533,S8-3-27-1-1,True,True,True,True,[]
534,S8-3-27-1-1,True,True,True,True,[]
535,S8-3-27-1-1,True,True,True,True,[]
536,S8-3-27-1-1,True,True,True,True,[]
537,S8-3-27-1-1,True,True,True,True,[]
538,S8-3-27-1-1,True,True,True,True,[]
539,S8-3-27-1-1,True,True,True,True,[]
540,S8-3-27-1-1,True,True,True,True,[]
541,S8-3-27-1-1,True,True,True,True,[]
542,S8-3-27-1-1,True,True,True,True,[]
543,S8-3-27-1-1,True,True,True,True,[]
544,S8-3-28-1-1,True,True,True,True,[]
545,S8-3-28-1-1,True,True,True,True,[]
546,S8-3-28-1-1,True,True,True,True,[]
547,S8-3-28-1-1,True,True,True,True,[]
548,S8-3-28-1-1,True,True,True,True,[]
549,S8-3-28-1-1,True,True,True,True,[]
550,S8-3-28-1-1,True,True,True,True,[]
551,S8-3-28-1-1,True,True,True,True,[]
552,S8-3-28-1-1,True,True,True,True,[]
553,S8-3-28-1-1,True,True,True,True,[]
554,S8-3-28-1-1,True,True,True,True,[]
555,S8-3-28-1-1,True,True,True,True,[]
556,S8-3-28-1-1,True,True,True,True,[]
557,S8-3-28-1-1,True,True,True,True,[]
558,S8-3-28-1-1,True,True,True,True,[]
559,S8-3-28-1-1,True,True,True,True,[]
560,S8-3-28-1-1,True,True,True,True,[]
561,S8-3-28-1-1,True,True,True,True,[]
562,S8-3-28-1-1,True,True,True,True,[]
563,S8-3-28-1-1,True,True,True,True,[]
564,S8-3-28-1-1,True,True,True,True,[]
565,S8-3-28-1-1,True,True,True,True,[]
566,S8-3-28-1-1,True,True,True,True,[]
567,S8-3-28-1-1,True,True,True,True,[]
568,S8-3-28-1-1,True,True,True,True,[]
569,S8-3-28-1-1,True,True,True,True,[]
570,S8-3-28-1-1,True,True,True,True,[]
571,S8-3-28-1-1,True,True,True,True,[]
572,S8-3-28-1-1,True,True,True,True,[]
573,S8-3-28-1-1,True,True,True,True,[]
574,S8-3-28-1-1,True,True,True,True,[]
575,S8-3-28-1-1,True,True,True,True,[]
576,S8-3-29-1-1,True,True,True,True,[]
577,S8-3-29-1-1,True,True,True,True,[]
578,S8-3-29-1-1,True,True,True,True,[]
579,S8-3-29-1-1,True,True,True,True,[]
580,S8-3-29-1-1,True,True,True,True,[]
581,S8-3-29-1-1,True,True,True,True,[]
582,S8-3-29-1-1,True,True,True,True,[]
583,S8-3-29-1-1,True,True,True,True,[]
584,S8-3-29-1-1,True,True,True,True,[]
585,S8-3-29-1-1,True,True,True,True,[]
586,S8-3-29-1-1,True,True,True,True,[]
587,S8-3-3-1,True,True,True,True,[]
588,S8-3-3-1,True,True,True,True,[]
589,S8-3-3-1,True,True,True,True,[]
590,S8-3-3-1,True,True,True,True,[]
591,S8-3-3-1,True,True,True,True,[]
592,S8-3-3-1,True,True,True,True,[]
593,S8-3-3-1,True,True,True,True,[]
594,S8-3-3-1,True,True,True,True,[]
595,S8-3-3-1,True,True,True,True,[]
596,S8-3-3-1,True,True,True,True,[]
597,S8-3-3-1,True,True,True,True,[]
598,S8-3-3-1,True,True,True,True,[]
599,S8-3-3-1,True,True,True,True,[]
600,S8-3-31-1-1,True,True,True,True,[]
601,S8-3-31-1-1,True,True,True,True,[]
602,S8-3-31-1-1,True,True,True,True,[]
603,S8-3-31-1-1,True,True,True,True,[]
604,S8-3-31-1-1,True,True,True,True,[]
605,S8-3-31-1-1,True,True,True,True,[]
606,S8-3-31-1-1,True,True,True,True,[]
607,S8-3-31-1-1,True,True,True,True,[]
608,S8-3-31-1-1,True,True,True,True,[]
609,S8-3-31-1-1,True,True,True,True,[]
610,S8-3-31-1-1,True,True,True,True,[]
611,S8-3-31-1-1,True,True,True,True,[]
612,S8-3-31-1-1,True,True,True,True,[]
613,S8-3-31-1-1,True,True,True,True,[]
614,S8-3-31-1-1,True,True,True,True,[]
615,S8-3-31-1-1,True,True,True,True,[]
616,S8-3-31-1-1,True,True,True,True,[]
617,S8-3-31-1-1,True,True,True,True,[]
618,S8-3-31-1-1,True,True,True,True,[]
619,S8-3-31-1-1,True,True,True,True,[]
620,S8-3-31-1-1,True,True,True,True,[]
621,S8-3-31-1-1,True,True,True,True,[]
622,S8-3-31-1-1,True,True,True,True,[]
623,S8-3-31-1-1,True,True,True,True,[]
624,S8-3-31-1-1,True,True,True,True,[]
625,S8-3-31-1-1,True,True,True,True,[]
626,S8-3-31-1-1,True,True,True,True,[]
627,S8-3-31-1-1,True,True,True,True,[]
628,S8-3-31-1-1,True,True,True,True,[]
629,S8-3-31-1-1,True,True,True,True,[]
630,S8-3-31-1-1,True,True,True,True,[]
631,S8-3-31-1-1,True,True,True,True,[]
632,S8-3-31-1-1,True,True,True,True,[]
633,S8-3-31-1-1,True,True,True,True,[]
634,S8-3-31-1-1,True,True,True,True,[]
635,S8-3-31-1-1,True,True,True,True,[]
636,S8-3-31-1-1,True,True,True,True,[]
637,S8-3-31-1-1,True,True,True,True,[]
638,S8-3-31-1-1,True,True,True,True,[]
639,S8-3-31-1-1,True,True,True,True,[]
640,S8-3-32-1-1,True,True,True,True,[]
641,S8-3-32-1-1,True,True,True,True,[]
642,S8-3-32-1-1,True,True,True,True,[]
643,S8-3-32-1-1,True,True,True,True,[]
644,S8-3-32-1-1,True,True,True,True,[]
645,S8-3-32-1-1,True,True,True,True,[]
646,S8-3-32-1-1,True,True,True,True,[]
647,S8-3-32-1-1,True,True,True,True,[]
648,S8-3-32-1-1,True,True,True,True,[]
649,S8-3-32-1-1,True,True,True,True,[]
650,S8-3-32-1-1,True,True,True,True,[]
651,S8-3-32-1-1,True,True,True,True,[]
652,S8-3-32-1-1,True,True,True,True,[]
653,S8-3-32-1-1,True,True,True,True,[]
654,S8-3-32-1-1,True,True,True,True,[]
655,S8-3-32-1-1,True,True,True,True,[]
656,S8-3-32-1-1,True,True,True,True,[]
657,S8-3-32-1-1,True,True,True,True,[]
658,S8-3-32-1-1,True,True,True,True,[]
659,S8-3-32-1-1,True,True,True,True,[]
660,S8-3-32-1-1,True,True,True,True,[]
661,S8-3-32-1-1,True,True,True,True,[]
662,S8-3-32-1-1,True,True,True,True,[]
663,S8-3-32-1-1,True,True,True,True,[]
664,S8-3-32-1-1,True,True,True,True,[]
665,S8-3-32-1-1,True,True,True,True,[]
666,S8-3-32-1-1,True,True,True,True,[]
667,S8-3-32-1-1,True,True,True,True,[]
668,S8-3-32-1-1,True,True,True,True,[]
669,S8-3-32-1-1,True,True,True,True,[]
670,S8-3-32-1-1,True,True,True,True,[]
671,S8-3-32-1-1,True,True,True,True,[]
672,S8-3-32-1-1,True,True,True,True,[]
673,S8-3-32-1-1,True,True,True,True,[]
674,S8-3-32-1-1,True,True,True,True,[]
675,S8-3-32-1-1,True,True,True,True,[]
676,S8-3-32-1-1,True,True,True,True,[]
677,S8-3-32-1-1,True,True,True,True,[]
678,S8-3-33-1-1,True,True,True,True,[]
679,S8-3-33-1-1,True,True,True,True,[]
680,S8-3-33-1-1,True,True,True,True,[]
681,S8-3-33-1-1,True,True,True,True,[]
682,S8-3-33-1-1,True,True,True,True,[]
683,S8-3-33-1-1,True,True,True,True,[]
684,S8-3-33-1-1,True,True,True,True,[]
685,S8-3-33-1-1,True,True,True,True,[]
686,S8-3-33-1-1,True,True,True,True,[]
687,S8-3-33-1-1,True,True,True,True,[]
688,S8-3-33-1-1,True,True,True,True,[]
689,S8-3-33-1-1,True,True,True,True,[]
690,S8-3-33-1-1,True,True,True,True,[]
691,S8-3-33-1-1,True,True,True,True,[]
692,S8-3-33-1-1,True,True,True,True,[]
693,S8-3-33-1-1,True,True,True,True,[]
694,S8-3-33-1-1,True,True,True,True,[]
695,S8-3-33-1-1,True,True,True,True,[]
696,S8-3-33-1-1,True,True,True,True,[]
697,S8-3-33-1-1,True,True,True,True,[]
698,S8-3-33-1-1,True,True,True,True,[]
699,S8-3-33-1-1,True,True,True,True,[]
700,S8-3-33-1-1,True,True,True,True,[]
701,S8-3-33-1-1,True,True,True,True,[]
702,S8-3-33-1-1,True,True,True,True,[]
703,S8-3-33-1-1,True,True,True,True,[]
704,S8-3-33-1-1,True,True,True,True,[]
705,S8-3-33-1-1,True,True,True,True,[]
706,S8-3-33-1-1,True,True,True,True,[]
707,S8-3-33-1-1,True,True,True,True,[]
708,S8-3-33-1-1,True,True,True,True,[]
709,S8-3-33-1-1,True,True,True,True,[]
710,S8-3-33-1-1,True,True,True,True,[]
711,S8-3-33-1-1,True,True,True,True,[]
712,S8-3-33-1-1,True,True,True,True,[]
713,S8-3-33-1-1,True,True,True,True,[]
714,S8-3-33-1-1,True,True,True,True,[]
715,S8-3-33-1-1,True,True,True,True,[]
716,S8-3-35-1-1,True,True,True,True,[]
717,S8-3-35-1-1,True,True,True,True,[]
718,S8-3-35-1-1,True,True,True,True,[]
719,S8-3-35-1-1,True,True,True,True,[]
720,S8-3-35-1-1,True,True,True,True,[]
721,S8-3-35-1-1,True,True,True,True,[]
722,S8-3-35-1-1,True,True,True,True,[]
723,S8-3-35-1-1,True,True,True,True,[]
724,S8-3-35-1-1,True,True,True,True,[]
725,S8-3-35-1-1,True,True,True,True,[]
726,S8-3-35-1-1,True,True,True,True,[]
727,S8-3-35-1-1,True,True,True,True,[]
728,S8-3-35-1-1,True,True,True,True,[]
729,S8-3-35-1-1,True,True,True,True,[]
730,S8-3-35-1-1,True,True,True,True,[]
731,S8-3-35-1-1,True,True,True,True,[]
732,S8-3-35-1-1,True,True,True,True,[]
733,S8-3-35-1-1,True,True,True,True,[]
734,S8-3-35-1-1,True,True,True,True,[]
735,S8-3-35-1-1,True,True,True,True,[]
736,S8-3-35-1-1,True,True,True,True,[]
737,S8-3-35-1-1,True,True,True,True,[]
738,S8-3-35-1-1,True,True,True,True,[]
739,S8-3-35-1-1,True,True,True,True,[]
740,S8-3-35-1-1,True,True,True,True,[]
741,S8-3-35-1-1,True,True,True,True,[]
742,S8-3-35-1-1,True,True,True,True,[]
743,S8-3-35-1-1,True,True,True,True,[]
744,S8-3-35-1-1,True,True,True,True,[]
745,S8-3-35-1-1,True,True,True,True,[]
746,S8-3-37-1-1,True,True,True,True,[]
747,S8-3-37-1-1,True,True,True,True,[]
748,S8-3-37-1-1,True,True,True,True,[]
749,S8-3-37-1-1,True,True,True,True,[]
750,S8-3-37-1-1,True,True,True,True,[]
751,S8-3-37-1-1,True,True,True,True,[]
752,S8-3-37-1-1,True,True,True,True,[]
753,S8-3-37-1-1,True,True,True,True,[]
754,S8-3-37-1-1,True,True,True,True,[]
755,S8-3-37-1-1,True,True,True,True,[]
756,S8-3-37-1-1,True,True,True,True,[]
757,S8-3-37-1-1,True,True,True,True,[]
758,S8-3-37-1-1,True,True,True,True,[]
759,S8-3-37-1-1,True,True,True,True,[]
760,S8-3-37-1-1,True,True,True,True,[]
761,S8-3-37-1-1,True,True,True,True,[]
762,S8-3-37-1-1,True,True,True,True,[]
763,S8-3-37-1-1,True,True,True,True,[]
764,S8-3-37-1-1,True,True,True,True,[]
765,S8-3-37-1-1,True,True,True,True,[]
766,S8-3-37-1-1,True,True,True,True,[]
767,S8-3-37-1-1,True,True,True,True,[]
768,S8-3-37-1-1,True,True,True,True,[]
769,S8-3-37-1-1,True,True,True,True,[]
770,S8-3-37-1-1,True,True,True,True,[]
771,S8-3-38-1-1,True,True,True,True,[]
772,S8-3-38-1-1,True,True,True,True,[]
773,S8-3-38-1-1,True,True,True,True,[]
774,S8-3-38-1-1,True,True,True,True,[]
775,S8-3-38-1-1,True,True,True,True,[]
776,S8-3-38-1-1,True,True,True,True,[]
777,S8-3-38-1-1,True,True,True,True,[]
778,S8-3-38-1-1,True,True,True,True,[]
779,S8-3-38-1-1,True,True,True,True,[]
780,S8-3-38-1-1,True,True,True,True,[]
781,S8-3-38-1-1,True,True,True,True,[]
782,S8-3-38-1-1,True,True,True,True,[]
783,S8-3-38-1-1,True,True,True,True,[]
784,S8-3-38-1-1,True,True,True,True,[]
785,S8-3-38-1-1,True,True,True,True,[]
786,S8-3-38-1-1,True,True,True,True,[]
787,S8-3-38-1-1,True,True,True,True,[]
788,S8-3-38-1-1,True,True,True,True,[]
789,S8-3-38-1-1,True,True,True,True,[]
790,S8-3-38-1-1,True,True,True,True,[]
791,S8-3-38-1-1,True,True,True,True,[]
792,S8-3-38-1-1,True,True,True,True,[]
793,S8-3-38-1-1,True,True,True,True,[]
794,S8-3-38-1-1,True,True,True,True,[]
795,S8-3-38-1-1,True,True,True,True,[]
796,S8-3-38-1-1,True,True,True,True,[]
797,S8-3-38-1-1,True,True,True,True,[]
798,S8-3-38-1-1,True,True,True,True,[]
799,S8-3-38-1-1,True,True,True,True,[]
800,S8-3-38-1-1,True,True,True,True,[]
801,S8-3-38-1-1,True,True,True,True,[]
802,S8-3-38-1-1,True,True,True,True,[]
803,S8-3-38-1-1,True,True,True,True,[]
804,S8-3-38-1-1,True,True,True,True,[]
805,S8-3-38-1-1,True,True,True,True,[]
806,S8-3-38-1-1,True,True,True,True,[]
807,S8-3-38-1-1,True,True,True,True,[]
808,S8-3-38-1-1,True,True,True,True,[]
809,S8-3-38-1-1,True,True,True,True,[]
810,S8-3-38-1-1,True,True,True,True,[]
811,S8-3-4-1,True,True,True,True,[]
812,S8-3-4-1,True,True,True,True,[]
813,S8-3-4-1,True,True,True,True,[]
814,S8-3-4-1,True,True,True,True,[]
815,S8-3-4-1,True,True,True,True,[]
816,S8-3-4-1,True,True,True,True,[]
817,S8-3-4-1,True,True,True,True,[]
818,S8-3-4-1,True,True,True,True,[]
819,S8-3-4-1,True,True,True,True,[]
820,S8-3-4-1,True,True,True,True,[]
821,S8-3-4-1,True,True,True,True,[]
822,S8-3-4-1,True,True,True,True,[]
823,S8-3-4-1,True,True,True,True,[]
824,S8-3-5-1,True,True,True,True,[]
825,S8-3-5-1,True,True,True,True,[]
826,S8-3-5-1,True,True,True,True,[]
827,S8-3-5-1,True,True,True,True,[]
828,S8-3-5-1,True,True,True,True,[]
829,S8-3-5-1,True,True,True,True,[]
830,S8-3-5-1,True,True,True,True,[]
831,S8-3-5-1,True,True,True,True,[]
832,S8-3-5-1,True,True,True,True,[]
833,S8-3-5-1,True,True,True,True,[]
834,S8-3-5-1,True,True,True,True,[]
835,S8-3-5-1,True,True,True,True,[]
836,S8-3-5-1,True,True,True,True,[]
837,S8-3-6-1,True,True,True,True,[]
838,S8-3-6-1,True,True,True,True,[]
839,S8-3-6-1,True,True,True,True,[]
840,S8-3-6-1,True,True,True,True,[]
841,S8-3-6-1,True,True,True,True,[]
842,S8-3-6-1,True,True,True,True,[]
843,S8-3-6-1,True,True,True,True,[]
844,S8-3-6-1,True,True,True,True,[]
845,S8-3-6-1,True,True,True,True,[]
846,S8-3-6-1,True,True,True,True,[]
847,S8-3-6-1,True,True,True,True,[]
848,S8-3-6-1,True,True,True,True,[]
849,S8-3-6-1,True,True,True,True,[]
850,S8-3-6-1,True,True,True,True,[]
851,S8-3-6-1,True,True,True,True,[]
852,S8-3-6-1,True,True,True,True,[]
853,S8-3-6-1,True,True,True,True,[]
854,S8-3-6-1,True,True,True,True,[]
855,S8-3-6-1,True,True,True,True,[]
856,S8-3-6-1,True,True,True,True,[]
857,S8-3-6-2,True,True,True,True,[]
858,S8-3-6-2,True,True,True,True,[]
859,S8-3-6-2,True,True,True,True,[]
860,S8-3-6-2,True,True,True,True,[]
861,S8-3-6-2,True,True,True,True,[]
862,S8-3-6-2,True,True,True,True,[]
863,S8-3-6-2,True,True,True,True,[]
864,S8-3-6-2,True,True,True,True,[]
865,S8-3-6-2,True,True,True,True,[]
866,S8-3-6-2,True,True,True,True,[]
867,S8-3-6-2,True,True,True,True,[]
868,S8-3-6-2,True,True,True,True,[]
869,S8-3-6-2,True,True,True,True,[]
870,S8-3-6-2,True,True,True,True,[]
871,S8-3-6-2,True,True,True,True,[]
872,S8-3-6-2,True,True,True,True,[]
873,S8-3-6-2,True,True,True,True,[]
874,S8-3-6-2,True,True,True,True,[]
875,S8-3-6-2,True,True,True,True,[]
876,S8-3-6-2,True,True,True,True,[]
877,S8-3-6-2,True,True,True,True,[]
878,S8-3-6-2,True,True,True,True,[]
879,S8-3-6-2,True,True,True,True,[]
880,S8-3-6-2,True,True,True,True,[]
881,S8-3-6-2,True,True,True,True,[]
882,S8-3-6-2,True,True,True,True,[]
883,S8-3-6-2,True,True,True,True,[]
884,S8-3-6-2,True,True,True,True,[]
885,S8-3-6-2,True,True,True,True,[]
886,S8-3-6-2,True,True,True,True,[]
887,S8-3-6-2,True,True,True,True,[]
888,S8-3-6-2,True,True,True,True,[]
889,S8-3-6-2,True,True,True,True,[]
890,S8-3-6-2,True,True,True,True,[]
891,S8-3-6-2,True,True,True,True,[]
892,S8-3-6-2,True,True,True,True,[]
893,S8-3-6-3,True,True,True,True,[]
894,S8-3-6-3,True,True,True,True,[]
895,S8-3-6-3,True,True,True,True,[]
896,S8-3-6-3,True,True,True,True,[]
897,S8-3-6-3,True,True,True,True,[]
898,S8-3-6-3,True,True,True,True,[]
899,S8-3-6-3,True,True,True,True,[]
900,S8-3-6-3,True,True,True,True,[]
901,S8-3-6-3,True,True,True,True,[]
902,S8-3-6-3,True,True,True,True,[]
903,S8-3-6-3,True,True,True,True,[]
904,S8-3-6-3,True,True,True,True,[]
905,S8-3-6-3,True,True,True,True,[]
906,S8-3-6-3,True,True,True,True,[]
907,S8-3-7-1,True,True,True,True,[]
908,S8-3-7-1,True,True,True,True,[]
909,S8-3-7-1,True,True,True,True,[]
910,S8-3-7-1,True,True,True,True,[]
911,S8-3-7-1,True,True,True,True,[]
912,S8-3-7-1,True,True,True,True,[]
913,S8-3-7-1,True,True,True,True,[]
914,S8-3-7-1,True,True,True,True,[]
915,S8-3-7-1,True,True,True,True,[]
916,S8-3-7-1,True,True,True,True,[]
917,S8-3-7-1,True,True,True,True,[]
918,S8-3-7-1,True,True,True,True,[]
919,S8-3-7-1,True,True,True,True,[]
920,S8-3-7-1,True,True,True,True,[]
921,S8-3-7-1,True,True,True,True,[]
922,S8-3-7-1,True,True,True,True,[]
923,S8-3-7-1,True,True,True,True,[]
924,S8-3-7-1,True,True,True,True,[]
925,S8-3-7-1,True,True,True,True,[]
926,S8-3-7-1,True,True,True,True,[]
927,S8-3-7-1,True,True,True,True,[]
928,S8-3-7-1,True,True,True,True,[]
929,S8-3-7-1,True,True,True,True,[]
930,S8-3-7-1,True,True,True,True,[]
931,S8-3-7-1,True,True,True,True,[]
932,S8-3-7-1,True,True,True,True,[]
933,S8-3-7-1,True,True,True,True,[]
934,S8-3-7-1,True,True,True,True,[]
935,S8-3-7-1,True,True,True,True,[]
936,S8-3-7-1,True,True,True,True,[]
937,S8-3-7-1,True,True,True,True,[]
938,S8-3-7-1,True,True,True,True,[]
939,S8-3-7-1,True,True,True,True,[]
940,S8-3-7-1,True,True,True,True,[]
941,S8-3-7-1,True,True,True,True,[]
942,S8-3-7-1,True,True,True,True,[]
943,S8-3-7-1,True,True,True,True,[]
944,S8-3-7-1,True,True,True,True,[]
945,S8-3-7-2,True,True,True,True,[]
946,S8-3-7-2,True,True,True,True,[]
947,S8-3-7-2,True,True,True,True,[]
948,S8-3-7-2,True,True,True,True,[]
949,S8-3-7-2,True,True,True,True,[]
950,S8-3-7-2,True,True,True,True,[]
951,S8-3-7-2,True,True,True,True,[]
952,S8-3-7-2,True,True,True,True,[]
953,S8-3-7-2,True,True,True,True,[]
954,S8-3-7-2,True,True,True,True,[]
955,S8-3-7-2,True,True,True,True,[]
956,S8-3-7-2,True,True,True,True,[]
957,S8-3-7-2,True,True,True,True,[]
958,S8-3-8-2,True,True,True,True,[]
959,S8-3-8-2,True,True,True,True,[]
960,S8-3-8-2,True,True,True,True,[]
961,S8-3-8-2,True,True,True,True,[]
962,S8-3-8-2,True,True,True,True,[]
963,S8-3-8-2,True,True,True,True,[]
964,S8-3-8-2,True,True,True,True,[]
965,S8-3-8-2,True,True,True,True,[]
966,S8-3-8-2,True,True,True,True,[]
967,S8-3-8-2,True,True,True,True,[]
968,S8-3-8-2,True,True,True,True,[]
969,S8-3-8-2,True,True,True,True,[]
970,S8-3-8-2,True,True,True,True,[]
971,S8-3-8-2,True,True,True,True,[]
972,S8-3-8-2,True,True,True,True,[]
973,S8-3-8-2,True,True,True,True,[]
974,S8-3-8-2,True,True,True,True,[]
975,S8-3-8-2,True,True,True,True,[]
976,S8-3-8-2,True,True,True,True,[]
977,S8-3-8-2,True,True,True,True,[]
978,S8-3-8-2,True,True,True,True,[]
979,S8-3-8-2,True,True,True,True,[]
980,S8-3-8-2,True,True,True,True,[]
981,S8-3-8-2,True,True,True,True,[]
982,S8-3-8-2,True,True,True,True,[]
983,S8-3-8-2,True,True,True,True,[]
984,S8-3-8-2,True,True,True,True,[]
985,S8-3-8-2,True,True,True,True,[]
986,S8-3-8-2,True,True,True,True,[]
987,S8-3-8-2,True,True,True,True,[]
988,S8-3-8-2,True,True,True,True,[]
989,S8-3-8-2,True,True,True,True,[]
990,S8-3-8-2,True,True,True,True,[]
991,S8-3-8-2,True,True,True,True,[]
992,S8-3-8-2,True,True,True,True,[]
993,S8-3-8-2,True,True,True,True,[]
994,S8-3-8-2,True,True,True,True,[]
995,S8-3-8-2,True,True,True,True,[]
996,S8-3-9-2,True,True,True,True,[]
997,S8-3-9-2,True,True,True,True,[]
998,S8-3-9-2,True,True,True,True,[]
999,S8-3-9-2,True,True,True,True,[]
1000,S8-3-9-2,True,True,True,True,[]
1001,S8-3-9-2,True,True,True,True,[]
1002,S8-3-9-2,True,True,True,True,[]
1003,S8-3-9-2,True,True,True,True,[]
1004,S8-3-9-2,True,True,True,True,[]
1005,S8-3-9-2,True,True,True,True,[]
1006,S8-3-9-2,True,True,True,True,[]
1007,S8-3-9-2,True,True,True,True,[]
1008,S8-3-9-2,True,True,True,True,[]
1009,S8-3-9-2,True,True,True,True,[]
1010,S8-3-9-2,True,True,True,True,[]
1011,S8-3-9-2,True,True,True,True,[]
1012,S8-3-9-2,True,True,True,True,[]
1013,S8-3-9-2,True,True,True,True,[]
1014,S8-3-9-2,True,True,True,True,[]
1015,S8-3-9-2,True,True,True,True,[]
1016,S8-3-9-2,True,True,True,True,[]
1017,S8-3-9-2,True,True,True,True,[]
1018,S8-3-9-2,True,True,True,True,[]
1019,S8-3-9-2,True,True,True,True,[]
1020,S8-3-9-2,True,True,True,True,[]
1021,S8-3-9-2,True,True,True,True,[]
1022,S8-3-9-2,True,True,True,True,[]
1023,S8-3-9-2,True,True,True,True,[]
1024,S8-3-9-2,True,True,True,True,[]
1025,S8-3-9-2,True,True,True,True,[]
1026,S8-3-9-2,True,True,True,True,[]
1027,S8-3-9-2,True,True,True,True,[]
1028,S8-3-9-2,True,True,True,True,[]
1029,S8-3-9-2,True,True,True,True,[]
1030,S8-3-9-2,True,True,True,True,[]
1031,S8-3-9-2,True,True,True,True,[]
1032,S8-3-9-3,True,True,True,True,[]
1033,S8-3-9-3,True,True,True,True,[]
1034,S8-3-9-3,True,True,True,True,[]
1035,S8-3-9-3,True,True,True,True,[]
1036,S8-3-9-3,True,True,True,True,[]
1037,S8-3-9-3,True,True,True,True,[]
1038,S8-3-9-3,True,True,True,True,[]
1039,S8-3-9-3,True,True,True,True,[]
1040,S8-3-9-3,True,True,True,True,[]
1041,S8-3-9-3,True,True,True,True,[]
1042,S8-3-9-3,True,True,True,True,[]
1043,S8-3-9-3,True,True,True,True,[]
1044,S8-3-9-3,True,True,True,True,[]
1045,S8-3-9-3,True,True,True,True,[]
1046,S8-3-9-3,True,True,True,True,[]
1047,S8-3-9-3,True,True,True,True,[]
1048,S8-3-9-3,True,True,True,True,[]
1049,S8-3-9-3,True,True,True,True,[]
1050,S8-3-9-3,True,True,True,True,[]
1051,S8-3-9-3,True,True,True,True,[]
1052,S8-3-9-3,True,True,True,True,[]
1053,S8-3-9-3,True,True,True,True,[]
1054,S8-3-9-3,True,True,True,True,[]
1055,S8-3-9-3,True,True,True,True,[]
1056,S8-3-9-3,True,True,True,True,[]
1057,S8-3-9-3,True,True,True,True,[]
1058,S8-3-9-3,True,True,True,True,[]
1059,S8-3-9-3,True,True,True,True,[]
1060,S8-3-9-3,True,True,True,True,[]
1061,S8-3-9-3,True,True,True,True,[]
1062,S8-3-9-3,True,True,True,True,[]
1063,S8-3-9-3,True,True,True,True,[]
1064,S8-3-9-3,True,True,True,True,[]
1065,S8-3-9-3,True,True,True,True,[]
1066,S8-3-9-3,True,True,True,True,[]
1067,S8-3-9-3,True,True,True,True,[]
1068,S8-3-9-3,True,True,True,True,[]
1069,S8-3-9-3,True,True,True,True,[]
1070,S8-3-9-3,True,True,True,True,[]
1071,S8-3-9-3,True,True,True,True,[]
1072,S8-3-9-3,True,True,True,True,[]
1073,S8-3-9-4,True,True,True,True,[]
1074,S8-3-9-4,True,True,True,True,[]
1075,S8-3-9-4,True,True,True,True,[]
1076,S8-3-9-4,True,True,True,True,[]
1077,S8-3-9-4,True,True,True,True,[]
1078,S8-3-9-4,True,True,True,True,[]
1079,S8-3-9-4,True,True,True,True,[]
1080,S8-3-9-4,True,True,True,True,[]
