sample_id,R,N,n_temperature_points,temperature_min_K,temperature_max_K,sigma_299K_interp_S_cm,sigma_273K_interp_S_cm,sigma_253K_interp_S_cm,sigma_233K_interp_S_cm,sigma_213K_interp_S_cm,sigma_193K_interp_S_cm,max_sigma_S_cm,min_sigma_S_cm,best_arrhenius_ea_eV,best_arrhenius_ln_sigma0,best_arrhenius_r2,has_arc_visible,has_semicircle_visible,quality_flags
S8-2-1-1,1.0408163265306123,4.656000000000001,13,198.15,299.15,0.01310291757091559,0.009478091202943703,0.003943436622212001,0.0009762554172927482,9.347579329484784e-05,,0.0131120435714751,1.4339844005231452e-06,0.40976177158028615,12.696687454189286,0.8938993833322311,False,False,[]
S8-2-1-2,1.0408163265306123,4.656000000000001,13,199.15,299.15,0.010601321604801732,0.007761261096523371,0.0034198358431613363,0.0009068857275941868,7.88478568606109e-05,,0.0106107520067716,2.3567298010199856e-06,0.3899799168277823,11.639606507750623,0.9007837117852501,False,False,[]
S8-2-2-1,1.040816326530612,4.1386666666666665,12,208.15,299.15,0.01309620714856223,0.0017532314001709722,0.002481733709259967,0.0007681711190643621,4.167050930717047e-05,,0.0131447120902164,1.4610227043203676e-05,0.3139829100831941,7.71139367403499,0.8354183348262552,False,False,[]
S8-2-2-2,1.040816326530612,4.1386666666666665,11,216.15,299.15,0.009039259997273843,0.004861330990178366,0.0015753216493146311,0.0002767014631093188,,,0.0090559594988099,1.0276085009409766e-05,0.4239524414304248,12.49115402750795,0.9280977848732868,False,False,[]
S8-3-1-1,0.3865699438677833,3.892,11,190.15,273.15,,0.011241102978257308,0.0037276969665713928,0.001858512247285201,0.00045727184222079395,7.359517322503823e-06,0.0112862167435539,2.560851642823061e-06,0.3768685650050093,12.030279826832517,0.8913463206337368,False,False,[]
S8-3-1-2,0.3865699438677833,3.892,30,215.15,299.15,0.0092520599062246,0.0054901798843217196,0.0021024440127603095,0.00043615188567792604,,,0.0093684019482841,2.704138576205876e-05,0.3502876055158288,9.545963333720605,0.9416599001734315,False,False,[]
S8-3-10-1,0.458644786705142,4.926666666666667,38,193.15,299.15,0.016125815933819048,0.01122366149880254,0.006147115572189295,0.002056784947265568,0.0002536631575666333,,0.0161458652544399,2.793012425831964e-06,0.3452484141905504,10.265136391901505,0.9015115538638362,False,False,[]
S8-3-11-1,0.3079344114331621,4.492933333333334,94,208.15,299.15,0.005626882565241742,0.0018347861696688715,0.0004252421102702026,4.0975423017607874e-05,5.730190262177049e-07,,0.0056421041540423,1.3963941153635453e-07,0.5324106993208181,16.225463428318896,0.9576408903961128,True,True,[]
S8-3-11-2,0.3079344114331621,4.492933333333334,40,187.15,299.15,0.015383619735905293,0.011365965576523883,0.006887503195252594,0.002731265197022145,0.00047244859579435503,1.2617694598479662e-05,0.0153946151653633,2.7830982862242016e-06,0.31604308873927867,9.091728319234571,0.898560601110431,False,False,[]
S8-3-2-1,0.2941272648899327,4.2860000000000005,31,212.15,299.15,0.007151795148818701,0.0031696956006851663,0.0009552063140288892,0.00015197736558817998,4.065514398796784e-06,,0.007163016325867,3.504495311098133e-06,0.44402311983441234,12.995802741779203,0.9525620627980301,False,False,[]
S8-3-2-2,0.2941272648899327,4.2860000000000005,13,235.15,278.15,,8.492568524952259e-05,3.619730043283331e-05,,,,8.861780774706561e-05,9.246830412051611e-06,0.2964520629332252,3.250535553380683,0.9755954858023341,False,False,['missing_low_temperature_coverage']
S8-3-2-3,0.2941272648899327,4.2860000000000005,13,197.15,299.15,0.006352894747957854,0.004831288742419084,0.002896667342363543,0.0011235304823013974,0.00019558701672017128,,0.0063545496143895,5.0676186561782135e-06,0.30606349834551816,7.730931567876153,0.8669387016182297,True,True,[]
S8-3-2-4,0.2941272648899327,4.2860000000000005,12,207.15,299.15,0.009280036850232794,0.005678772407911781,0.0023468370220413137,0.0005774916842113747,2.687370201053704e-05,,0.0092912024491829,5.983113211726259e-06,0.3834888501336912,11.027020642324317,0.907942097692499,False,False,[]
S8-3-2-5,0.2941272648899327,4.2860000000000005,13,198.15,299.15,0.009474714246834517,0.0064464996993596774,0.00294243982481848,0.0008246542295538482,6.865573313857602e-05,,0.0094814333136811,1.2652252384988006e-06,0.4004113566248658,11.96329792591867,0.8906790877989387,False,False,[]
S8-3-20-1-1,0.4079387858179356,4.591600000000001,38,193.15,299.15,0.020950533787827307,0.014126730279219533,0.007375229341528106,0.002096742102339734,0.0002525977210063097,,0.0209789499542929,3.355838040916846e-06,0.36050491973727555,11.120349330371122,0.9131515483952248,False,False,[]
S8-3-21-1-1,0.5511248511687172,4.690266666666666,35,200.15,299.15,0.015384866165601283,0.008275703074252225,0.0033640578235197387,0.0006884027740776576,3.8434421483317335e-05,,0.0154211608341067,1.6188180634704356e-06,0.42186690457847703,13.126314716530585,0.9283470457446685,False,False,[]
S8-3-22-1-1,0.2040451455952585,4.344933333333333,35,201.15,299.15,0.011238952676720806,0.005967455483762661,0.0022938401537751572,0.0005080935386664118,3.0301159683996085e-05,,0.0112670824557925,1.7490124460004624e-06,0.41417678414701714,12.452649195017749,0.9351647841141699,False,False,[]
S8-3-23-2-1,0.1521902146952619,3.881733333333334,28,215.15,299.15,0.0020319100394047703,0.0006650270443534662,0.00016749801089016456,1.3147485144248753e-05,,,0.0020385922524233,3.879790713018666e-07,0.5299488107954338,15.091637641032397,0.9593553945253195,False,False,[]
S8-3-25-1-1,1.0408163265306123,5.173333333333333,32,209.15,299.15,0.013220276915558661,0.006114808192124955,0.0018978021286037321,0.0003154662352628873,7.6170393388279885e-06,,0.0132660766683912,3.0914862005401075e-06,0.45522536493031734,14.148844098220529,0.9431428838527186,False,False,[]
S8-3-27-1-1,0.0,2.7580000000000005,11,272.15,299.15,0.00019008977893503028,0.00010774359015552302,,,,,0.0001906644591182,0.0001029598568708,0.15776408003357362,-2.381489618411885,0.9649254249581238,False,False,['missing_low_temperature_coverage']
S8-3-28-1-1,0.0641214250069669,3.3986666666666667,31,212.15,299.15,0.013198291912367873,0.009426789089859958,0.003173405115769598,0.00015021755628324306,2.417356608466863e-06,,0.0132034718174305,1.8436393651512883e-06,0.5334704971751095,17.72176264740716,0.9074442657675611,False,False,[]
S8-3-29-1-1,0.0,1.182,11,268.15,299.15,9.598243578902397e-05,4.889975349845082e-05,,,,,9.612233328674698e-05,4.069961216817008e-05,0.19421082920734853,-1.6573261481764732,0.9860990462929866,False,False,['missing_low_temperature_coverage']
S8-3-3-1,0.1712623980890066,3.645333333333333,13,199.15,299.15,0.009855825294905647,0.0072731441448973784,0.0036767055771566343,0.001181962954892038,0.0001808540526554325,,0.0098688597054479,7.803922682906733e-06,0.32666432071306023,8.914682440039863,0.9002881995228966,False,False,[]
S8-3-31-1-1,0.3340714749983821,4.9068,39,190.15,299.15,0.019385772958600285,0.013459869003240851,0.007480724495186197,0.002577773092166737,0.00035183178746933365,5.428999754304602e-06,0.0194038409086404,2.1515815261588237e-06,0.3472794009544497,10.560350938010325,0.9026367045499207,False,False,[]
S8-3-32-1-1,0.3584084621201487,5.320666666666667,37,196.15,299.15,0.02005084250802458,0.01447517537560239,0.007679678735895418,0.002034624718324447,0.00019365102057310418,,0.0200541553057585,2.9586971104738574e-06,0.3696057062952255,11.507980363069873,0.8986294552810711,True,True,[]
S8-3-33-1-1,0.0641214250069669,4.418266666666667,37,193.15,299.15,0.017835867569901357,0.014434094515169454,0.006646486369534278,0.0009106633557062432,0.0001004240428620451,,0.0178434944277891,1.3820984793997095e-06,0.41511670209027857,13.299213084786011,0.9304075329378021,False,False,[]
S8-3-35-1-1,0.2996777658431794,4.0,29,216.15,299.15,0.004675483797131525,0.0016036380478041644,0.00043735810315026345,4.340647851024711e-05,,,0.0046926681815422,1.832477008161941e-06,0.49131832355283045,14.352910834156441,0.9586867782006615,False,False,[]
S8-3-37-1-1,0.2996777658431794,4.888888888888889,13,233.15,267.15,,,0.0003203530220400077,,,,0.0006336962268296,5.867723901969652e-05,0.3641314323294216,8.570832881245689,0.987879006056831,False,False,['missing_low_temperature_coverage']
S8-3-38-1-1,0.2996777658431793,5.555555555555555,39,189.15,299.15,0.014413948981583569,0.010577825705980409,0.006320243534525122,0.0021561917930615344,0.000318101095602175,3.986188699833464e-06,0.0144272433193879,1.3659386547172075e-06,0.34591510339466996,10.286489334953329,0.8850301064329762,False,False,[]
S8-3-4-1,0.0641214250069669,3.3986666666666667,7,199.15,249.15,,,,0.002275959002193695,0.0001955557272364271,,0.0075429903303863,5.895986177593824e-06,0.5903370135632503,23.160370105348676,0.9569233026064035,False,False,[]
S8-3-5-1,0.6367153877711904,4.532666666666667,13,199.15,299.15,0.009820013672625291,0.0073720287977461635,0.00328800078551955,0.0008887019053653188,8.352913034464994e-05,,0.0098232633921531,2.3043303180855306e-06,0.38472945930537117,11.366757112003686,0.8967381386317836,False,False,[]
S8-3-6-1,0.3797497505181546,4.566933333333333,19,198.15,299.15,0.014127757320876936,0.009833826803681393,0.004775641969698175,0.0013850020995094454,0.00020407917645371885,,0.0141370413150734,9.116939973024542e-06,0.33340883102265406,9.516908879587353,0.9262442838181036,False,False,[]
S8-3-6-2,0.3797497505181546,4.566933333333333,35,201.15,299.15,0.009122799818290969,0.005248618232973907,0.002127356513182161,0.00046865766570870564,3.3266113714016356e-05,,0.0091317259983597,1.996905760837529e-06,0.3972619069347558,11.59447721395785,0.9324790602565193,False,False,[]
S8-3-6-3,0.3797497505181546,4.566933333333333,14,190.15,299.15,0.015596975778392946,0.012185850625155875,0.006767933436810956,0.002334037972874868,0.0004615547818930453,9.235085153956329e-06,0.0156056812152214,3.580890530242572e-06,0.3275586526287468,9.564999770778686,0.8876967950692497,False,False,[]
S8-3-7-1,0.3865699438677832,5.838000000000001,37,195.15,299.15,0.010213082407995688,0.00635191347888038,0.002764924419045889,0.0007629099705018087,8.03962736598924e-05,,0.0102268327642042,1.5923556833870456e-06,0.3730835754371505,10.807198247507879,0.9283408829743478,True,True,[]
S8-3-7-2,0.3865699438677832,5.838000000000001,13,199.15,299.15,0.009540872429963763,0.007356684347472514,0.0037642144300434133,0.0012019371574748202,0.0001745461023475935,,0.0095433081233834,1.3905139523760282e-05,0.3123630961872425,8.290024570689946,0.9191674557657478,True,True,[]
S8-3-8-2,0.3865699438677832,7.005600000000001,38,191.15,299.15,0.02007222003330123,0.015250298366139543,0.008031072252478405,0.0019228876406226598,0.0001471135298134949,4.100266984853144e-07,0.0201262664199029,1.5620668101046808e-07,0.44021835555662714,14.65782675783114,0.8702608529743097,True,True,[]
S8-3-9-2,0.2941272648899327,4.2860000000000005,35,201.15,299.15,0.009879516589363905,0.00587261289297793,0.0024587951495862593,0.0006013904301160811,3.9431551366299245e-05,,0.0099091360516551,3.2136122666817563e-06,0.3820116789794882,11.059402816432199,0.9330486579825021,False,False,[]
S8-3-9-3,0.2941272648899327,4.2860000000000005,40,188.15,299.15,0.017193581372473163,0.012894735669406507,0.008090668184648157,0.0031089339478530234,0.0005560239479861858,1.562760578767441e-05,0.0172119954836192,3.68297989010258e-06,0.3117647775112827,9.030343655362058,0.8939342080635895,False,False,[]
S8-3-9-4,0.2941272648899327,4.2860000000000005,8,203.15,299.15,0.010622974978421344,0.008395241312147458,0.004580354721087924,0.0016024900187368769,0.00022696361499922204,,0.0106274935757783,3.832155680339519e-05,0.29087705976974687,7.484273171399701,0.9025264304308477,False,False,[]
