sample_id,material,N,R,segment,T_low_K,T_high_K,T_mid_K,Ea_eV,r_squared
S60-1-1-1,S60,0.0,1.0408,1,287.2,300.0,293.6,0.1440398370220107,0.9212664990916872
S60-1-1-1,S60,0.0,1.0408,2,269.76666666666665,284.03333333333336,276.9,0.2551811470465397,0.9958561035582925
S60-1-1-1,S60,0.0,1.0408,3,232.13333333333333,267.01666666666665,249.575,0.3393325560762973,0.9989785418612854
S60-1-1-1,S60,0.0,1.0408,4,193.1,228.06666666666666,210.58333333333331,0.79764762869221,0.9828383022646785
S60-1-3-1,S60,0.0,1.0408,1,281.28333333333336,300.0,290.64166666666665,0.9394613172633264,0.985533789345909
S60-1-3-1,S60,0.0,1.0408,2,258.93333333333334,278.1166666666667,268.525,0.48630585717523256,0.9959235351043592
S60-1-3-1,S60,0.0,1.0408,3,218.96666666666667,255.51666666666665,237.24166666666667,0.6583060157976375,0.9909066900443351
S60-1-3-1,S60,0.0,1.0408,4,193.23333333333335,215.1,204.16666666666669,0.856187535823725,0.9914360294392089
S60-2-1-1,S60,0.0,0.076,1,274.0,300.0,287.0,0.10548631791203393,0.974873200622347
S60-2-1-1,S60,0.0,0.076,2,246.41666666666666,271.26666666666665,258.84166666666664,0.17186705572713268,0.9995595471738138
S60-2-1-1,S60,0.0,0.076,3,210.95,243.65,227.3,0.4546781275599819,0.9758546513186228
S60-2-1-1,S60,0.0,0.076,4,180.61666666666667,206.21666666666667,193.41666666666669,0.7818719791629996,0.9934196912190166
S60-2-10-1,S60,0.0,0.4079,1,265.3666666666667,300.0,282.68333333333334,0.060343622516107476,0.8154862115753967
S60-2-10-1,S60,0.0,0.4079,2,245.31666666666666,262.51666666666665,253.91666666666666,0.27309600195324435,0.9999039543849811
S60-2-10-1,S60,0.0,0.4079,3,226.4,242.43333333333334,234.41666666666669,0.3612211470985926,0.9984140255122234
S60-2-10-1,S60,0.0,0.4079,4,182.56666666666666,218.13333333333333,200.35,0.7315018798073836,0.9852515857717522
S60-2-11-1,S60,0.0,0.5511,1,265.65,300.0,282.825,0.2108729813698176,0.9973733093548047
S60-2-11-1,S60,0.0,0.5511,2,242.53333333333333,262.81666666666666,252.675,0.3092500402631075,0.9949137990023906
S60-2-11-1,S60,0.0,0.5511,3,206.6,239.33333333333334,222.96666666666667,0.5080275545054184,0.9865567385452817
S60-2-11-1,S60,0.0,0.5511,4,163.03333333333333,201.71666666666667,182.375,0.4036505513048612,0.7306484734089493
S60-2-12-1,S60,0.0,0.204,1,268.81666666666666,300.0,284.4083333333333,0.17173287674226542,0.9945409722898585
S60-2-12-1,S60,0.0,0.204,2,243.08333333333334,265.9666666666667,254.52500000000003,0.15357514785536558,0.9977137811892149
S60-2-12-1,S60,0.0,0.204,3,207.25,240.16666666666666,223.70833333333331,0.34580434116809683,0.9783987284675109
S60-2-12-1,S60,0.0,0.204,4,166.56666666666666,202.85,184.70833333333331,0.7692011695197999,0.9654114852604556
S60-2-13-1,S60,0.0,0.1522,1,271.26666666666665,300.0,285.6333333333333,0.059711122020994836,0.9932776038777963
S60-2-13-1,S60,0.0,0.1522,2,237.0,268.4,252.7,0.19590712582367628,0.9829946568317612
S60-2-13-1,S60,0.0,0.1522,3,219.18333333333334,234.13333333333333,226.65833333333333,0.5548709707709945,0.9894000786857681
S60-2-13-1,S60,0.0,0.1522,4,182.61666666666667,211.66666666666669,197.14166666666668,0.7071926918262589,0.9881603169572214
S60-2-14-1,S60,0.0,0.0684,1,276.5,300.0,288.25,0.13680090299146597,0.9918445376004099
S60-2-14-1,S60,0.0,0.0684,2,256.5333333333333,273.65,265.09166666666664,0.07236604307597386,0.9853402757392904
S60-2-14-1,S60,0.0,0.0684,3,217.01666666666665,253.66666666666666,235.34166666666664,0.3554168242940827,0.8247622453784516
S60-2-14-1,S60,0.0,0.0684,4,182.25,207.33333333333331,194.79166666666666,0.8130373443628552,0.9906431259610214
S60-2-2-1,S60,0.0,0.0223,1,282.46666666666664,300.0,291.23333333333335,0.05185402134406283,0.9647694428709822
S60-2-2-1,S60,0.0,0.0223,2,252.08333333333334,279.71666666666664,265.9,0.11262621833836899,0.9900108261493815
S60-2-2-1,S60,0.0,0.0223,3,216.0,249.25,232.625,0.4372059130847912,0.9714619798339036
S60-2-2-1,S60,0.0,0.0223,4,178.26666666666665,211.4,194.83333333333331,0.717079844561003,0.9939632968668376
S60-2-3-1,S60,0.0,0.0068,1,261.2833333333333,300.0,280.64166666666665,0.09523454713488302,0.9572524431132573
S60-2-3-1,S60,0.0,0.0068,2,228.13333333333333,256.3,242.21666666666667,0.7770771960434341,0.9001765821475685
S60-2-4-1,S60,0.0,0.0394,1,285.76666666666665,300.0,292.8833333333333,0.0473337574049323,0.9778400258522103
S60-2-4-1,S60,0.0,0.0394,2,252.68333333333334,283.03333333333336,267.85833333333335,0.1257612450849837,0.9965146678309134
S60-2-4-1,S60,0.0,0.0394,3,230.46666666666667,249.86666666666667,240.16666666666669,0.27662842579340724,0.7575506486382434
S60-2-4-1,S60,0.0,0.0394,4,189.15,225.38333333333333,207.26666666666665,0.6364427258967179,0.9965035023931081
S60-2-6-1,S60,0.0,0.0113,1,277.43333333333334,300.0,288.7166666666667,0.0741110357725562,0.9650253212777905
S60-2-6-1,S60,0.0,0.0113,2,258.8833333333333,274.26666666666665,266.575,0.14485482512914585,0.9829692389555584
S60-2-6-1,S60,0.0,0.0113,3,217.48333333333335,255.63333333333333,236.55833333333334,0.4447375172299726,0.9885087481185829
S60-2-6-1,S60,0.0,0.0113,4,184.81666666666666,212.35,198.58333333333331,0.7356762090862663,0.9956812712625488
S60-2-7-1,S60,0.0,0.2941,1,284.21666666666664,300.0,292.10833333333335,0.11899553377773366,0.9901739328118352
S60-2-7-1,S60,0.0,0.2941,2,258.95,277.85,268.4,0.17862706289986038,0.998181611000549
S60-2-7-1,S60,0.0,0.2941,3,232.85,255.66666666666666,244.25833333333333,0.2876503802168004,0.9784964898127569
S60-2-7-1,S60,0.0,0.2941,4,178.23333333333335,223.3,200.76666666666668,0.6147057859755809,0.9835175322776695
S60-2-7-2,S60,0.0,0.2941,1,254.675,300.0,277.3375,0.17752544530544156,0.9957400484912914
S60-2-7-2,S60,0.0,0.2941,2,222.445,244.135,233.29,0.3795399494748157,0.9950108160796748
S60-2-7-2,S60,0.0,0.2941,3,204.635,221.22500000000002,212.93,0.4315176883500679,0.999450780970231
S60-2-7-2,S60,0.0,0.2941,4,174.35500000000002,203.24,188.7975,0.7243798100154797,0.9949536200182358
S60-2-8-1,S60,0.0,0.4247,1,278.03333333333336,300.0,289.01666666666665,0.14097458247658265,0.9735879006791368
S60-2-8-1,S60,0.0,0.4247,2,247.66666666666666,275.28333333333336,261.475,0.22993495931956384,0.997970392412281
S60-2-8-1,S60,0.0,0.4247,3,217.1,244.8,230.95,0.37768205971152746,0.9727901789903654
S60-2-8-1,S60,0.0,0.4247,4,176.45,212.18333333333334,194.31666666666666,0.8065617358322267,0.987140537687835
S60-2-9-1,S60,0.0,0.3079,1,277.2,300.0,288.6,0.1288800568673657,0.9988559727876052
S60-2-9-1,S60,0.0,0.3079,2,260.1666666666667,274.35,267.2583333333333,0.12002116120670395,0.9937299967088727
S60-2-9-1,S60,0.0,0.3079,3,215.03333333333333,257.31666666666666,236.175,0.28916758194342634,0.9875120476926558
S60-2-9-1,S60,0.0,0.3079,4,169.51666666666668,211.15,190.33333333333334,0.7886285983586576,0.9686933090029096
S8-2-1-1,S8,4.656000000000001,1.0408163265306123,1,240.5,300.0,270.25,0.20415859150946467,0.9380977962805452
S8-2-1-1,S8,4.656000000000001,1.0408163265306123,2,183.4,232.2,207.8,0.9252316707375889,0.9419212035688701
S8-2-1-2,S8,4.656000000000001,1.0408163265306123,1,249.64999999999998,300.0,274.825,0.16378746761498794,0.925342202730026
S8-2-1-2,S8,4.656000000000001,1.0408163265306123,2,198.54999999999998,241.35,219.95,0.5457057092742814,0.9798290189221799
S8-2-2-1,S8,4.1386666666666665,1.040816326530612,1,266.15,300.0,283.075,0.5042296644656525,0.9546470519757069
S8-2-2-1,S8,4.1386666666666665,1.040816326530612,2,196.4,232.75,214.575,0.8675665108415722,0.9577628872642475
S8-2-2-2,S8,4.1386666666666665,1.040816326530612,1,258.05,300.0,279.025,0.22272672811261987,0.9633293647292913
S8-2-2-2,S8,4.1386666666666665,1.040816326530612,2,204.10000000000002,249.8,226.95000000000002,0.7292088301285863,0.9645394366079223
S8-3-1-1,S8,3.8920000000000003,0.3865699438677833,1,240.3,300.0,270.15,0.19771554716426104,0.9062290943225088
S8-3-1-1,S8,3.8920000000000003,0.3865699438677833,2,189.60000000000002,232.0,210.8,0.49231545829348994,0.9662261720668877
S8-3-1-2,S8,3.8920000000000003,0.3865699438677833,1,277.55,300.0,288.775,0.12863935598445764,0.9292773757712656
S8-3-1-2,S8,3.8920000000000003,0.3865699438677833,2,249.8,274.75,262.275,0.2789101278349105,0.9952127436567787
S8-3-1-2,S8,3.8920000000000003,0.3865699438677833,3,235.65,247.03333333333333,241.34166666666667,0.4122021985197833,0.9995391998318057
S8-3-1-2,S8,3.8920000000000003,0.3865699438677833,4,214.85,232.85,223.85,0.6460835859318489,0.9901576123507946
S8-3-10-1,S8,4.926666666666667,0.458644786705142,1,271.0833333333333,300.0,285.54166666666663,0.10150063535361925,0.9870462629695602
S8-3-10-1,S8,4.926666666666667,0.458644786705142,2,248.65,268.26666666666665,258.4583333333333,0.1873571923872646,0.9937538384250659
S8-3-10-1,S8,4.926666666666667,0.458644786705142,3,218.08333333333331,245.85,231.96666666666664,0.36556403043732183,0.9930025970466121
S8-3-10-1,S8,4.926666666666667,0.458644786705142,4,176.5,215.33333333333331,195.91666666666666,0.9126809435551388,0.9846614491399083
S8-3-11-1,S8,4.492933333333334,0.30793441143316214,1,264.125,300.0,282.0625,0.3172778604548202,0.9927100742877141
S8-3-11-1,S8,4.492933333333334,0.30793441143316214,2,246.77,263.295,255.03250000000003,0.48430311636539036,0.9988339025564464
S8-3-11-1,S8,4.492933333333334,0.30793441143316214,3,229.59,245.945,237.76749999999998,0.657264432081637,0.9985162418240596
S8-3-11-1,S8,4.492933333333334,0.30793441143316214,4,194.46499999999997,228.44,211.4525,1.1227672738152943,0.9902259659606671
S8-3-11-2,S8,4.492933333333334,0.30793441143316214,1,271.3833333333333,300.0,285.69166666666666,0.08103630277152096,0.9811065863364516
S8-3-11-2,S8,4.492933333333334,0.30793441143316214,2,246.08333333333334,268.56666666666666,257.325,0.16814448788959382,0.9937872343781362
S8-3-11-2,S8,4.492933333333334,0.30793441143316214,3,210.0,243.25,226.625,0.3461203932493505,0.9915545672983181
S8-3-11-2,S8,4.492933333333334,0.30793441143316214,4,165.75,207.23333333333335,186.49166666666667,0.8868735198616705,0.9871586750271205
S8-3-2-1,S8,4.2860000000000005,0.29412726488993274,1,285.93333333333334,300.0,292.9666666666667,0.17102235293156576,0.9696853951722745
S8-3-2-1,S8,4.2860000000000005,0.29412726488993274,2,260.85,283.1333333333333,271.9916666666667,0.29768016286884635,0.9974998233814693
S8-3-2-1,S8,4.2860000000000005,0.29412726488993274,3,230.35,258.06666666666666,244.20833333333331,0.475455785264165,0.9931841113340508
S8-3-2-1,S8,4.2860000000000005,0.29412726488993274,4,192.15,227.15,209.65,0.9978807996795185,0.9860537731553145
S8-3-2-2,S8,4.2860000000000005,0.29412726488993274,1,263.2833333333333,300.0,281.64166666666665,0.09585332021258308,0.8031166460542527
S8-3-2-2,S8,4.2860000000000005,0.29412726488993274,2,230.13333333333333,259.9666666666667,245.05,0.4459965514326176,0.9669846606471768
S8-3-2-2,S8,4.2860000000000005,0.29412726488993274,3,193.38333333333333,225.33333333333331,209.35833333333332,0.9454119013182641,0.9711435060435141
S8-3-2-3,S8,4.2860000000000005,0.29412726488993274,1,239.2,300.0,269.6,0.14125359810634988,0.9437442036131649
S8-3-2-3,S8,4.2860000000000005,0.29412726488993274,2,183.8,230.89999999999998,207.35,0.7183678040694074,0.9384012325722024
S8-3-2-4,S8,4.2860000000000005,0.29412726488993274,1,266.35,300.0,283.175,0.15257643652107436,0.9612643350467794
S8-3-2-4,S8,4.2860000000000005,0.29412726488993274,2,193.29999999999998,257.95,225.625,0.4246148246366392,0.9562821612867146
S8-3-2-5,S8,4.2860000000000005,0.29412726488993274,1,241.3,300.0,270.65,0.1934781794370317,0.9537313038304539
S8-3-2-5,S8,4.2860000000000005,0.29412726488993274,2,184.6,233.0,208.8,0.8797123959613724,0.9381381586034909
S8-3-20-1-1,S8,4.591600000000001,0.40793878581793563,1,274.5,300.0,287.25,0.1006587160059971,0.9887410351385607
S8-3-20-1-1,S8,4.591600000000001,0.40793878581793563,2,251.73333333333335,271.65,261.69166666666666,0.19379609985728968,0.9944772931658424
S8-3-20-1-1,S8,4.591600000000001,0.40793878581793563,3,218.43333333333334,248.93333333333334,233.68333333333334,0.37726416308609956,0.9925980516077628
S8-3-20-1-1,S8,4.591600000000001,0.40793878581793563,4,178.2,215.68333333333334,196.94166666666666,0.903092365155823,0.9848854557936602
S8-3-21-1-1,S8,4.690266666666666,0.5511248511687172,1,277.2,300.0,288.6,0.15294862591263927,0.9920113118771293
S8-3-21-1-1,S8,4.690266666666666,0.5511248511687172,2,254.8,274.3833333333333,264.5916666666667,0.25800166483584364,0.996891852656357
S8-3-21-1-1,S8,4.690266666666666,0.5511248511687172,3,221.65,252.03333333333333,236.84166666666667,0.4463466660380241,0.9931450900480469
S8-3-21-1-1,S8,4.690266666666666,0.5511248511687172,4,184.15,218.86666666666667,201.50833333333333,1.0242399985472908,0.9839577724786972
S8-3-22-1-1,S8,4.344933333333333,0.20404514559525858,1,277.5,300.0,288.75,0.15823019157894128,0.9919756313650359
S8-3-22-1-1,S8,4.344933333333333,0.20404514559525858,2,255.18333333333334,274.6666666666667,264.925,0.2605852359674677,0.9972811307906537
S8-3-22-1-1,S8,4.344933333333333,0.20404514559525858,3,224.73333333333335,252.38333333333333,238.55833333333334,0.4321133045732082,0.9928062233457217
S8-3-22-1-1,S8,4.344933333333333,0.20404514559525858,4,179.41666666666669,221.95,200.68333333333334,0.9734000027043501,0.9888037096132412
S8-3-23-2-1,S8,3.881733333333334,0.15219021469526195,1,286.1666666666667,300.0,293.08333333333337,0.2406698577837363,0.9870400077820958
S8-3-23-2-1,S8,3.881733333333334,0.15219021469526195,2,264.1,283.4166666666667,273.7583333333333,0.35597724783099055,0.9985636300625099
S8-3-23-2-1,S8,3.881733333333334,0.15219021469526195,3,233.6,261.35,247.47500000000002,0.5757619900549222,0.9981696916592412
S8-3-23-2-1,S8,3.881733333333334,0.15219021469526195,4,198.83333333333331,229.01666666666665,213.92499999999998,1.1211154563758827,0.9879057597535317
S8-3-25-1-1,S8,5.173333333333333,1.0408163265306123,1,282.8833333333333,300.0,291.44166666666666,0.17363409375510885,0.9928819480903381
S8-3-25-1-1,S8,5.173333333333333,1.0408163265306123,2,263.31666666666666,280.0833333333333,271.7,0.2783490842938581,0.9978187789520264
S8-3-25-1-1,S8,5.173333333333333,1.0408163265306123,3,232.86666666666667,260.55,246.70833333333334,0.44278338394652345,0.9968208891406631
S8-3-25-1-1,S8,5.173333333333333,1.0408163265306123,4,194.26666666666665,230.1,212.18333333333334,0.9781973525868022,0.9872459733079254
S8-3-27-1-1,S8,2.7580000000000005,0.0,1,288.96666666666664,300.0,294.48333333333335,0.09719171198445584,0.9411120170455594
S8-3-27-1-1,S8,2.7580000000000005,0.0,2,271.25,286.2,278.725,0.19249371301815937,0.998193195443584
S8-3-28-1-1,S8,3.3986666666666667,0.06412142500696691,1,274.25,300.0,287.125,0.08692197792342883,0.9853777675562687
S8-3-28-1-1,S8,3.3986666666666667,0.06412142500696691,2,257.3666666666667,271.4,264.3833333333333,0.17112044769651483,0.9568834679919253
S8-3-28-1-1,S8,3.3986666666666667,0.06412142500696691,3,226.61666666666667,254.56666666666666,240.59166666666667,0.7732657708382784,0.9968866308756109
S8-3-28-1-1,S8,3.3986666666666667,0.06412142500696691,4,185.31666666666666,223.55,204.43333333333334,0.9813485584304942,0.999358547409716
S8-3-29-1-1,S8,1.182,0.0,1,267.85,300.0,283.925,0.2317970879458667,0.8825693748576665
S8-3-3-1,S8,3.6453333333333333,0.1712623980890066,1,241.15,300.0,270.575,0.16363330085952763,0.9397636711999983
S8-3-3-1,S8,3.6453333333333333,0.1712623980890066,2,185.5,232.85,209.175,0.6543130629261986,0.9630339335007229
S8-3-31-1-1,S8,4.9068,0.3340714749983821,1,274.4,300.0,287.2,0.09353456358769166,0.9871111374566841
S8-3-31-1-1,S8,4.9068,0.3340714749983821,2,251.66666666666666,271.53333333333336,261.6,0.1753330796233482,0.9947993775920964
S8-3-31-1-1,S8,4.9068,0.3340714749983821,3,221.0,248.86666666666667,234.93333333333334,0.3307768560975357,0.9931633233120329
S8-3-31-1-1,S8,4.9068,0.3340714749983821,4,173.23333333333335,218.21666666666667,195.72500000000002,0.7678022904394656,0.9917458923041418
S8-3-32-1-1,S8,5.320666666666667,0.3584084621201487,1,277.3333333333333,300.0,288.66666666666663,0.07821414720923345,0.9711890471604803
S8-3-32-1-1,S8,5.320666666666667,0.3584084621201487,2,254.55,274.46666666666664,264.5083333333333,0.17445119403155693,0.9927150321057421
S8-3-32-1-1,S8,5.320666666666667,0.3584084621201487,3,221.01666666666665,251.75,236.38333333333333,0.3808487977636519,0.9908435343902665
S8-3-32-1-1,S8,5.320666666666667,0.3584084621201487,4,179.83333333333331,218.26666666666665,199.04999999999998,0.9337083650112883,0.9886624432368121
S8-3-33-1-1,S8,4.418266666666667,0.0641214250069669,1,288.6333333333333,300.0,294.31666666666666,0.030061956812145848,0.9798226645574498
S8-3-33-1-1,S8,4.418266666666667,0.0641214250069669,2,271.6166666666667,285.78333333333336,278.70000000000005,0.07685243820257939,0.9969216692533945
S8-3-33-1-1,S8,4.418266666666667,0.0641214250069669,3,246.13333333333333,268.75,257.44166666666666,0.2873404686076035,0.9601726954597831
S8-3-33-1-1,S8,4.418266666666667,0.0641214250069669,4,182.91666666666669,243.38333333333333,213.15,0.6502298775738106,0.978854909666531
S8-3-35-1-1,S8,4.0,0.2996777658431794,1,283.3833333333333,300.0,291.69166666666666,0.2420023544623153,0.9914066789534526
S8-3-35-1-1,S8,4.0,0.2996777658431794,2,261.1666666666667,280.56666666666666,270.8666666666667,0.35182717897406035,0.998388776289885
S8-3-35-1-1,S8,4.0,0.2996777658431794,3,235.83333333333331,258.43333333333334,247.13333333333333,0.5411276201216283,0.993753964506586
S8-3-35-1-1,S8,4.0,0.2996777658431794,4,200.35,232.48333333333335,216.41666666666669,1.0004676081351822,0.9896760812318802
S8-3-37-1-1,S8,4.888888888888889,0.2996777658431794,1,244.66666666666666,300.0,272.3333333333333,0.07252140337227897,0.5277564866041022
S8-3-37-1-1,S8,4.888888888888889,0.2996777658431794,2,221.06666666666666,241.88333333333333,231.475,0.5427896712508093,0.997981176764528
S8-3-37-1-1,S8,4.888888888888889,0.2996777658431794,3,184.76666666666665,211.63333333333333,198.2,1.1327695683501604,0.987127962108853
S8-3-38-1-1,S8,5.555555555555555,0.29967776584317934,1,271.48333333333335,300.0,285.7416666666667,0.08236663865623892,0.9882653789565254
S8-3-38-1-1,S8,5.555555555555555,0.29967776584317934,2,249.06666666666666,268.68333333333334,258.875,0.1692269138616624,0.9938560325236032
S8-3-38-1-1,S8,5.555555555555555,0.29967776584317934,3,215.78333333333333,246.26666666666665,231.02499999999998,0.3581964291073085,0.9910074642123086
S8-3-38-1-1,S8,5.555555555555555,0.29967776584317934,4,173.53333333333333,213.03333333333333,193.28333333333333,0.9065938301501094,0.9900442888025316
S8-3-4-1,S8,3.3986666666666667,0.06412142500696691,1,249.10000000000002,300.0,274.55,0.09379419414044222,0.9161488162063571
S8-3-4-1,S8,3.3986666666666667,0.06412142500696691,2,198.3,240.75,219.525,0.6035222890008569,0.9789940822711269
S8-3-5-1,S8,4.532666666666667,0.6367153877711904,1,241.25,300.0,270.625,0.1890772675116994,0.9265618553029633
S8-3-5-1,S8,4.532666666666667,0.6367153877711904,2,185.39999999999998,232.95,209.17499999999998,0.7724973568531761,0.962332276744885
S8-3-6-1,S8,4.566933333333333,0.3797497505181546,1,265.9,300.0,282.95,0.11174773246310307,0.9492505442868517
S8-3-6-1,S8,4.566933333333333,0.3797497505181546,2,226.83333333333331,260.3,243.56666666666666,0.3046786813668551,0.995205417100093
S8-3-6-1,S8,4.566933333333333,0.3797497505181546,3,188.96666666666667,221.3,205.13333333333333,0.6858490953266501,0.9895814728134308
S8-3-6-2,S8,4.566933333333333,0.3797497505181546,1,277.6166666666667,300.0,288.80833333333334,0.13755123718115736,0.9764942693021219
S8-3-6-2,S8,4.566933333333333,0.3797497505181546,2,252.68333333333334,274.8333333333333,263.7583333333333,0.25546456478915913,0.9963439943072854
S8-3-6-2,S8,4.566933333333333,0.3797497505181546,3,219.58333333333331,249.93333333333334,234.75833333333333,0.44501757376433326,0.9912115784771808
S8-3-6-2,S8,4.566933333333333,0.3797497505181546,4,178.95,216.38333333333333,197.66666666666666,1.0317728029170605,0.98832362950918
S8-3-6-3,S8,4.566933333333333,0.3797497505181546,1,232.2,300.0,266.1,0.16666880919844237,0.9358592420823061
S8-3-6-3,S8,4.566933333333333,0.3797497505181546,2,176.25,223.9,200.075,0.7322958903366379,0.9513286498341753
S8-3-7-1,S8,5.838000000000001,0.3865699438677832,1,285.8666666666667,300.0,292.93333333333334,0.17348037022326862,0.8901433060427565
S8-3-7-1,S8,5.838000000000001,0.3865699438677832,2,232.91666666666669,280.3,256.60833333333335,0.23460701209354687,0.9663426248811416
S8-3-7-1,S8,5.838000000000001,0.3865699438677832,3,210.38333333333333,224.63333333333333,217.50833333333333,0.463219018677309,0.9890077154636483
S8-3-7-1,S8,5.838000000000001,0.3865699438677832,4,185.13333333333333,207.18333333333334,196.15833333333333,0.9561573155023959,0.9890224242434341
S8-3-7-2,S8,5.838000000000001,0.3865699438677832,1,187.25,300.0,243.625,0.379311056531261,0.905697692074764
S8-3-8-2,S8,7.005600000000001,0.38656994386778326,1,274.53333333333336,300.0,287.26666666666665,0.07039750505638219,0.9472989721388931
S8-3-8-2,S8,7.005600000000001,0.38656994386778326,2,251.76666666666665,271.6666666666667,261.7166666666667,0.19274813743653887,0.9902508992959408
S8-3-8-2,S8,7.005600000000001,0.38656994386778326,3,218.5,248.96666666666667,233.73333333333335,0.4377917981526663,0.9923644430320412
S8-3-8-2,S8,7.005600000000001,0.38656994386778326,4,179.76666666666665,215.75,197.75833333333333,1.1471332380519896,0.9790980018586566
S8-3-9-2,S8,4.2860000000000005,0.29412726488993274,1,258.01666666666665,300.0,279.0083333333333,0.18205699427712804,0.9774032407236289
S8-3-9-2,S8,4.2860000000000005,0.29412726488993274,2,241.43333333333334,255.26666666666665,248.35,0.3291335327043417,0.9981181587101248
S8-3-9-2,S8,4.2860000000000005,0.29412726488993274,3,224.8,238.56666666666666,231.68333333333334,0.43402574669942817,0.9993843139218052
S8-3-9-2,S8,4.2860000000000005,0.29412726488993274,4,185.6,222.05,203.825,0.8903307895735086,0.9843532856762718
S8-3-9-3,S8,4.2860000000000005,0.29412726488993274,1,268.68333333333334,300.0,284.3416666666667,0.07961200612174245,0.9886606344113253
S8-3-9-3,S8,4.2860000000000005,0.29412726488993274,2,246.2,265.85,256.025,0.16388442251861732,0.9941004905630519
S8-3-9-3,S8,4.2860000000000005,0.29412726488993274,3,210.21666666666667,243.4,226.80833333333334,0.3483922082358694,0.9902031222366506
S8-3-9-3,S8,4.2860000000000005,0.29412726488993274,4,167.76666666666668,207.48333333333335,187.625,0.9000370775570703,0.9844219992816652
